store,brand,model,cpu,gpu,ram,storage,screen,price,condition,link,link_is_product
Mediatech,Lenovo,5 2-in-1 83DR0002US,AMD Ryzen 7 8845HS,Integrated AMD Radeon,16GB,1TB SSD,14" touch,,New,https://mediatechlb.com/product/lenovo-5-2-in-1-83dr0002us-amd-ryzen-7-8845hs-3-8ghz16gb-1tb-ssd-14%E2%80%B3-wuxga-touchscreen-amd-radeon-780m-businsess-laptops-in-lebanon/,1
Mediatech,Lenovo,Yoga 7 14IRL8,Intel Core i7-1355U,Integrated,16GB,1TB NVMe,14" touch,,New,https://mediatechlb.com/product/lenovo-yoga-7-14irl8/,1
Mediatech,Lenovo,Yoga Slim 7 Aura Edition 83HM002WUS,Intel Ultra 7 258V,Integrated Intel Arc,32GB,1TB NVMe,15.3" touch,,New,https://mediatechlb.com/product/lenovo-yoga-slim-7-aura-edition-15ill9-83hm002wus-core-ultra-7-258v-32gb-ddr5-on-board-1tb-nvme-en-15-3-2-8k-wqxga-touchscreen-intel-arc-140v-win-11-laptops-in-lebanon/,1
Mediatech,HP,Envy x360 15,Intel Ultra 7 155U,Integrated,16GB DDR5,1TB SSD,15.6" touch,,New,https://mediatechlb.com/product/hp-envy-15-x360-intel-core-ultra-7-155u-1tb-ssd-16gb-ddr5-15-6-inch-1920x1080-integrated-intel-graphics-silver/,1
Mediatech,HP,Omen 16t 8X580AV,Intel Core i9-14900HX,RTX 4080 12GB,32GB,2TB SSD,16.1",,New,https://mediatechlb.com/product/hp-omen-16t-gaming-laptop-8x580av-lebanon/,1
Mediatech,HP,Pavilion 16t,Intel Core 5 120U,Integrated,8GB,512GB SSD,16",,New,https://mediatechlb.com/product/hp-pavilion-b84s2u8r/,1
Mediatech,HP,Pavilion 16 Touch,Intel Core i5-1335U,Integrated,16GB,512GB SSD,16" touch,,New,https://mediatechlb.com/product/vhp-pavilion-laptop-15-6-fhd-13th-gen-intel-core-i5-1335u-16gb-ram-512pcie-ssd-1-year-warranty/,1
Mediatech,ASUS,Vivobook Go E1504GA-WS34,Intel Core i3-N305,Integrated,8GB,256GB SSD,15.6",,New,https://mediatechlb.com/product/asus-vivobook-go-e1504ga-ws34-intel-i3-n305-8gb-256gb-ssd-15-6fhd-win-11-business-lebanon/,1
Mediatech,ASUS,TUF Gaming F16 FX607JV-N3164,Intel Core i7-13650HX,RTX 4060 8GB,16GB,512GB SSD,16",,New,https://mediatechlb.com/product/asus-tuf-gaming-f16-core-i7-13650hx-16gb-ram512gb-ssd-nvme-16%E2%80%B3-wuxga-165hz-nvidia-rtx-4060-8gb/,1
Mediatech,Dell,Latitude 7210 2-in-1 Detachable,Intel Core i7-10610U,Integrated,16GB,512GB SSD,12.3" touch,585,Not stated,https://mediatechlb.com/product/dell-latitude-7210-2-in-1-detachable-laptop-core-i7-10610u-16gb-ram-512gb-ssd-12-3-fhd-touchscreen-business-lebanon/,1
Mediatech,Dell,Alienware Area-51 18,Intel Ultra 9 275HX,RTX 5090,64GB,2TB SSD,18",,New,https://mediatechlb.com/product/dell-area-51-18-ultra-9-275hx-64gb-2tb-18-2k-300hz-rtx-5090-w11-laptops-in-lebanon/,1
Mediatech,MSI,Thin A15,AMD Ryzen 5 7535HS,RTX 4050 6GB,8GB DDR5,512GB SSD,15.6",,New,https://mediatechlb.com/product/msi-thin-a15-amd-ryzen-5-7535hs-8gb-ddr5-512gb-ssd-en-15-6-fhd-144hz-rtx-4050-6gb-win-11-gaming-laptop/,1
Mediatech,MSI,Thin B13VE,Intel Core i7-13620H,RTX 4050 6GB,16GB,512GB SSD,15.6",,New,https://mediatechlb.com/product/msi-thin-b13ve-core-i7-13620h-16gb-512gb-ssd-15-6-fhd-144hz-rtx-4050-6g/,1
Mediatech,MSI,Vector 16 HX AI A2XWIG-400US,Intel Ultra 9 275HX,RTX 5080 16GB,16GB,1TB SSD,16",,New,https://mediatechlb.com/product/msi-vector-16-hx-ai-400-a2xwig-400us-intel-core-ultra-9-275hx-1tb-ssd-16gb-16-0-inch-2560-x-1600-nvidia-geforce-rtx-5080-16gb-w11p-gray-laptop-in-lebanon/,1
Mediatech,MSI,Raider GE78HX 14VIG-600US,Intel Core i9-14900HX,RTX 4090 16GB,64GB,2TB SSD,17",,New,https://mediatechlb.com/product/msi-raider-ge78hx-14vig-600us-intel-core-i9-14900hx-2tb-ssd-64gb-17-0-inch-2560-x-1600-nvidia-geforce-rtx-4090-16gb-w11h-black-laptop-in-lebanon/,1
Mediatech,MSI,Thin A15 AI B8VF-270US,AMD Ryzen 9 8945HS,RTX 4060 8GB,16GB DDR5,1TB NVMe,15.6",,New,https://mediatechlb.com/product/msi-thin-a15-ai-b8vf-270us-amd-ryzen-9-8945hs-amd-xdna-16gb-ddr5-r-1tb-nvme-ssd-15-6%E2%80%B3-ips-fhd-display-144hz-rtx-4060-8gb-win-11/,1
Mediatech,Acer,Nitro V ANV15-51-55UT,Intel Core i5-13420H,RTX 2050 4GB,16GB,512GB SSD,15.6",685,New,https://mediatechlb.com/product/acer-nitro-v-anv15-51-55ut-gaming-laptop-15-6-intel-core-i5-13420h-16g-512-rtx-2050-in-lebanon/,1
Mediatech,Acer,Nitro 5,Intel Core i9-13900H,RTX 4050 6GB,32GB,1TB SSD,,1010,New,https://mediatechlb.com/product/acer-laptop-nitro-intel-core-i9-13900h-32gb-ram1tb-ssd-rtx4050-6gb/,1
Mediatech,Acer,TravelMate X5 TMX51,Intel Core i5-8265U,Integrated,8GB,256GB SSD,14" touch,800,Not stated,https://mediatechlb.com/product/acer-travel-mate-x5-tmx51-laptop-14-touchscreen-ultra-light-nx-vj8aa-001/,1
961souq,HP,17 AI PC 17-cn5085cl,Intel Ultra 7 255U,Integrated,16GB,1TB SSD,17.3" touch,838,New,https://961souq.com/products/hp-17-laptop-ai-pc-17-cn5085cl,1
961souq,HP,15-fd0153dx,Intel Core i3-1315U,Integrated,8GB,512GB SSD,15.6" touch,410,New,https://961souq.com/products/hp-laptop-15-fd0153dx,1
961souq,HP,Omen 16-ap0097nr,AMD Ryzen AI 9 365,RTX 5070,,,16",2520,New,https://961souq.com/products/hp-omen-16-ap0097nr,1
961souq,HP,Victus 16t-r100 (91C59AV-3),Intel Core i7-14700HX,RTX 4060 8GB,32GB,1TB SSD,16.1",,New,https://961souq.com/products/hp-victus-16t-r100-16-1-core-i7-14700hx-32gb-ram-1tb-ssd-rtx-4060-8gb,1
961souq,ASUS,ROG Strix G18 G815LM-IS96,Intel Ultra 9 275HX,RTX 5060 8GB,32GB,1TB SSD,18",1846,New,https://961souq.com/products/asus-rog-strix-g18-2025-g815-g815lm-is96,1
961souq,Dell,16 Plus 2-in-1 LDB06250-9182BLU-PUS,Intel Ultra 9 288V,Integrated Intel Arc,32GB,1TB SSD,16" touch,1621,New,https://961souq.com/products/dell-16-plus-2-in-1-laptop-ldb06250-9182blu-pus,1
961souq,MSI,GE76 Raider 12UE-871,Intel Core i9-12900H,RTX 3060 6GB,16GB,1TB SSD,17.3",1800,New,https://961souq.com/products/msi-ge76-raider-12ue-871-17-3-core-i9-12900h-16gb-ram-1tb-ssd-rtx-3060-6gb,1
961souq,MSI,Stealth 14 Studio A13VF-041,Intel Core i7-13620H,RTX 4060 8GB,16GB,1TB SSD,14",,New,https://961souq.com/products/msi-stealth-14-studio-a13vf-041-14-inch-core-i7-13620h-16gb-ram-1tb-ssd-rtx-4060-8gb,1
961souq,MSI,Sword A12UE-605US,Intel Core i7-12650H,RTX 3060 6GB,16GB,1TB SSD,15.6",,New,https://961souq.com/products/msi-sword-a12ue-605us-15-6-core-i7-12650h-16gb-ram-1tb-ssd-rtx-3060-6gb,1
961souq,MSI,Vector GP66 12UGS-267,Intel Core i9-12900H,RTX 3070 Ti 8GB,32GB,1TB NVMe,15.6",3050,New,https://961souq.com/products/msi-vector-gp66-12ugs-267-core-i9-12900h-32gb-ram-1tb-nvme-15-6-360hz-rtx-3070ti-8gb-win-11-b-n,1
961souq,MSI,Katana GF66 12UE-603US,Intel Core i7-12700H,RTX 3060 6GB,16GB,512GB SSD,15.6",,New,https://961souq.com/products/msi-katana-gf66-12ue-603us-15-6-core-i7-12700h-16gb-ram-512gb-ssd-rtx-3060-6gb,1
961souq,MSI,Katana 15 B12VFK-439US,Intel Core i7-12650H,RTX 4070 8GB,32GB,1TB SSD,15.6",,New,https://961souq.com/products/msi-katana-15-b12vfk-439us-15-6-core-i7-12650h-32gb-ram-1tb-ssd-rtx-4070-8gb,1
961souq,Acer,Nitro 5 (Ryzen 7 6800H),AMD Ryzen 7 6800H,RTX 3070 Ti,16GB,1TB SSD,15.6",1270,New,https://961souq.com/products/acer-nitro-5-15-6-inch-ryzen-7-6800h-16gb-ram-1tb-ssd-rtx-3070-ti,1
961souq,Acer,Predator Triton 300 PT315-53-75XX,Intel Core i7-11800H,RTX 3060 6GB,16GB,512GB SSD,15.6",,New,https://961souq.com/products/acer-predator-triton-300-15-6-core-i7-11800h-16gb-ram-512gb-ssd-rtx-3060-6gb,1
Ayoub Computers,Lenovo,IdeaPad 3 14ITL05 81X700FGUS,Intel Core i3-1115G4,Integrated,4GB,128GB SSD,14",,New,https://ayoubcomputers.com/lenovo-ideapad-3-14itl05-14-fhd-laptop-intel-core-i3-1115g4-ram-4gb-ssd-128gb-intel-uhd-win11-81x700fgus/,1
Ayoub Computers,Lenovo,IdeaPad 3 81X80055US,Intel Core i3-1115G4,Integrated,4GB,128GB SSD,15.6",,New,https://ayoubcomputers.com/lenovo-ideapad-3-15-6-laptop-intel-core-i3-1115g4-ram-4gb-ssd-128gb-intel-uhd-win10-81x80055us/,1
Ayoub Computers,Lenovo,Yoga 7i 83TC003XUS,Intel Ultra 7 355,Integrated Intel Arc,24GB,512GB SSD,14" OLED,,New,https://ayoubcomputers.com/lenovo-yoga-7i-14-wuxga-oled-intel-core-ultra-7-355-laptop-24gb-ram-512gb-ssd-intel-arc-83tc003xus/,1
Ayoub Computers,Lenovo,V15 G3 IAP 82TTA0AAIN,Intel Core i7-1255U,Integrated,16GB,512GB SSD,15.6",,New,https://ayoubcomputers.com/lenovo-v15-g3-iap-15-6-fhd-laptop-intel-core-i7-1255u-ram-16gb-ssd-512gb-intel-iris-xe-82tta0aain/,1
Ayoub Computers,Lenovo,IdeaPad Flex 5 14ITL05 82HS00QWCC,Intel Core i5-1135G7,Integrated,8GB,256GB SSD,14" touch,,New,https://ayoubcomputers.com/lenovo-ideapad-flex-5-14itl05-2-in-1-14-fhd-laptop-intel-core-i5-1135g7-ram-8gb-ssd-256gb-intel-iris-xe-82hs00qwcc/,1
Ayoub Computers,Lenovo,Flex 5 2-in-1 82R700L5US,Intel Core i5-1235U,Integrated,8GB,512GB SSD,14" touch,,New,https://ayoubcomputers.com/lenovo-flex-5-2-in-1-14-fhd-touch-screen-laptop-intel-core-i5-1235u-ram-8gb-ssd-512gb-intel-iris-xe-82r700l5us/,1
Ayoub Computers,Lenovo,Slim 7 14IAP7 82SX0002US,Intel Core i7-1260P,Integrated,16GB,1TB SSD,14" touch,,New,https://ayoubcomputers.com/lenovo-slim-7-14iap7-14-2-8k-touch-screen-laptop-intel-core-i7-1260p-ram-16gb-ssd-1tb-intel-iris-xe-82sx0002us/,1
Ayoub Computers,Lenovo,ThinkPad X1 Carbon Gen 10 21CB000FUS,Intel Core i7-1270P,Integrated,32GB,512GB SSD,14" touch,,New,https://ayoubcomputers.com/lenovo-thinkpad-x1-carbon-gen-10-14-touchscreen-laptop-intel-core-i7-1270p-ram-32gb-ssd-512gb-intel-iris-xe-win-11-pro-21cb000fus/,1
Ayoub Computers,HP,Omen 17-ck2002nr,Intel Core i7-13700HX,RTX 4080,16GB,1TB SSD,17.3",,New,https://ayoubcomputers.com/hp-omen-17-3-gaming-laptop-intel-core-i7-13700hx-ram-16gb-ssd-1tb-rtx-4080-win-11-17-ck2002nr/,1
Ayoub Computers,HP,Omen Max 16-ah0043dx,Intel Ultra 9 275HX,RTX 5080 16GB,32GB,2TB SSD,16",,New,https://ayoubcomputers.com/hp-omen-max-16-wqxga-2560-1600-gaming-laptop-intel-core-ultra-9-275hx-ram-32gb-ssd-2tb-nvidia-geforce-rtx-5080-16gb-windows-11-16-ah0043dx/,1
Ayoub Computers,HP,Envy x360 16-ac0023,Intel Ultra 7 155U,Integrated,16GB,1TB SSD,16" touch,,New,https://ayoubcomputers.com/hp-envy-x360-16-ac0023-2-in-1-16-wuxga-touchscreen-laptop-intel-core-ultra-7-155u-ram-16gb-ssd-1tb-win-11-9s1r6ua-aba/,1
Ayoub Computers,HP,250 G9 6F1Z9EA,Intel Core i5-1235U,Integrated,8GB,256GB SSD,15.6",,New,https://ayoubcomputers.com/hp-250-g9-15.6-laptop---intel-core-i5-1235u---ram-8gb---ssd-256gb-6f1z9ea-abz/,1
Ayoub Computers,HP,250 G10 854A8ES,Intel Core i5-1315U,Integrated,8GB,512GB SSD,15.6",,New,https://ayoubcomputers.com/hp-250-g10-15-6fhd-laptop-intel-core-i5-1315u-ram-8gb-ssd-512gb-intel-iris-xe-graphics-854a8es-a2n/,1
Ayoub Computers,HP,OmniBook 3 16-bu0305dx,Intel Ultra 5 225U,Integrated,8GB,512GB SSD,16" touch,,New,https://ayoubcomputers.com/hp-omnibook-3-core-ultra-5-225u-8gb-ram-512gb-ssd-16-2k-ips-touchscreen-laptop-mica-silver-16-bu0305dx/,1
Ayoub Computers,HP,Pavilion x360 14-ek0073dx,Intel Core i5-1235U,Integrated,8GB,512GB SSD,14" touch,,New,https://ayoubcomputers.com/hp-pavilion-x360-2-in-1-14-laptop-intel-core-i5-1235u-ram-8gb-ssd-512gb-intel-iris-xe-14-ek0073dx/,1
Ayoub Computers,HP,15-dy2703,Intel Core i5-1135G7,Integrated,8GB,512GB SSD,15.6",,New,https://ayoubcomputers.com/hp-15-dy2703-15-6-hd-laptop-intel-core-i5-1135g7-ram-8gb-ssd-512gb-intel-iris-xe-6q368ua/,1
Ayoub Computers,HP,Omen 16t-wf100 912K6AV,Intel Core i7-14700HX,RTX 4070,16GB,512GB SSD,16.1",,New,https://ayoubcomputers.com/hp-omen-16t-wf100-16-1-fhd-laptop-intel-core-i7-14700hx-ram-16gb-ssd-512gb-nvidia-rtx-4070-912k6av/,1
Ayoub Computers,HP,OmniBook X Flip 14-fm0023dx,Intel Ultra 7 256V,Integrated Intel Arc,16GB,1TB SSD,14" touch,,New,https://ayoubcomputers.com/hp-omnibook-x-flip-x360-14-2-in-1-touchscreen-laptop-intel-core-ultra-7-256v-ram-16gb-ssd-1tb-intel-arc-140v-windows-11-14-fm0023dx/,1
Ayoub Computers,Dell,G15 (Ryzen 7 5800H),AMD Ryzen 7 5800H,RTX 3050 Ti,8GB,512GB SSD,15.6",,New,https://ayoubcomputers.com/dell-g15-ryzen-7-5800h-8gb-512gb-nvidia-geforce-rtx-3050-ti-15-6-g15re-a975gry-pus/,1
Ayoub Computers,Dell,Plus 16 Copilot+ LDB16255,AMD Ryzen AI 7 350,Integrated AMD Radeon,32GB,1TB SSD,16" touch,,New,https://ayoubcomputers.com/dell-plus-copilot-16-full-hd-touch-laptop-amd-ryzen-ai-7-350-ram-32gb-ssd-1tb-amd-radeon-graphics-ldb16255-a873blu-pus/,1
Ayoub Computers,Dell,XPS 16 9640,Intel Ultra 7 155H,Integrated Intel Arc,16GB,1TB SSD,16.3",,Refurbished,https://ayoubcomputers.com/dell-xps-16-9640-16-3-laptop-intel-core-ultra-7-155h-ram-16gb-ssd-1tb-intel-arc-win-11-ins0179576-r0025278-sa-certified-refurbished/,1
Ayoub Computers,Dell,Inspiron 14 2-in-1 I7435,AMD Ryzen 5 7530U,Integrated AMD Radeon,8GB,512GB SSD,14" touch,,New,https://ayoubcomputers.com/dell-inspiron-14-2-in-1-touch-laptop-amd-ryzen-5-7530u-ram-8gb-ssd-512gb-i7435-a111blu-pus/,1
Ayoub Computers,Dell,Inspiron 15 3535,AMD Ryzen 5 7530U,Integrated AMD Radeon,8GB,512GB SSD,15.6",,New,https://ayoubcomputers.com/dell-inspiron-15-6-laptop-amd-ryzen-5-7530u-ram-8gb-ssd-512gb-amd-radeon-win-11-3535-a766blk/,1
Ayoub Computers,Dell,G15 5511,Intel Core i7-11800H,RTX 3050,8GB,240GB NVMe,15.6",,New,https://ayoubcomputers.com/dell-g15-5511-15.6-laptop---intel-core-i7-11800h---ram-8gb---240gb-nvme---nvidia-rtx-3050-210-ayus/,1
Ayoub Computers,Dell,Vostro 15 5M2TT,Intel Core i5-1235U,Integrated,4GB,256GB NVMe,15.6",,New,https://ayoubcomputers.com/dell-5m2tt-vostro-15-6-fhd-laptop-intel-core-i5-1235u-12th-ram-4gb-hdd-nvme-256gb-210-becx/,1
Ayoub Computers,ASUS,ROG Zephyrus G16 GU605CR-QR161,Intel Ultra 9 285H,RTX 5070 Ti,64GB,1TB SSD,16",,New,https://ayoubcomputers.com/asus-rog-zephyrus-g16-16-gaming-laptop-intel-core-ultra-9-285h-ram-64gb-ssd-1tb-nvidia-geforce-rtx-5070-ti-gu605cr-qr161-3-years-warranty/,1
Ayoub Computers,ASUS,TUF F17 FX707ZM-HX080,Intel Core i7-12700H,RTX 3060,16GB,512GB SSD,17.3",,New,https://ayoubcomputers.com/asus-tuf-f17-17.3-laptop---intel-core-i7-12700h---ram-16gb---ssd-512gb---nvidia-rtx-3060---3-years-warranty-fx707zm-hx080/,1
Ayoub Computers,ASUS,TUF F15 FX507VI-LP071,Intel Core i7-13620H,RTX 4070,16GB,512GB SSD,15.6",,New,https://ayoubcomputers.com/asus-tuf-f15-15-6-fhd-gaming-laptop-intel-core-i7-13620h-ram-16gb-ssd-512gb-nvidia-rtx-4070-fx507vi-lp071/,1
Ayoub Computers,ASUS,TUF F16 FX608JMR,Intel Core i7-14650HX,RTX 5060,32GB,1TB SSD,16",,New,https://ayoubcomputers.com/asus-tuf-f16-16-gaming-laptop-intel-core-i7-14650hx-ram-32gb-1tb-ssd-nvidia-geforce-rtx-5060-windows-11-home-fx608jmr-f16-i75060/,1
Ayoub Computers,ASUS,TUF A16 FA607NUG-WH73,AMD Ryzen 7 7445HS,RTX 4050,16GB,512GB SSD,16",,New,https://ayoubcomputers.com/asus-tuf-a16-16-gaming-laptop-amd-ryzen-7-7445hs-ram-16-gb-ssd-512-gb-nvidia-geforce-rtx-4050-fa607nug-wh73/,1
Ayoub Computers,ASUS,ProArt P16 H7606WP,AMD Ryzen AI 9 HX 370,RTX 5070,64GB,2TB SSD,16" touch,,New,https://ayoubcomputers.com/asus-proart-p16-90nb15k1-m00dp0-16-touchscreen-laptop-amd-ryzen-ai-9-hx-370-ram-64gb-ssd-2tb-nvidia-geforce-rtx-5070-win-11-home-h7606wp-rj132w/,1
Ayoub Computers,ASUS,TUF F17 FX707VV-HX199,Intel Core i7-13620H,RTX 4060,16GB,512GB SSD,17.3",,New,https://ayoubcomputers.com/asus-tuf-f17-17-3-144hz-fhd-gaming-laptop-intel-core-i7-13620h-ram-16gb-ssd-512gb-nvidia-geforce-rtx-4060-fx707vv-hx199/,1
Ayoub Computers,ASUS,ROG Zephyrus G14 GA402NU,AMD Ryzen 7 7735HS,RTX 4050,16GB,512GB SSD,14",,New,https://ayoubcomputers.com/asus-rog-zephyrus-g14-14-qhd-laptop-amd-ryzen-7-7735hs-ram-16gb-ssd-512gb-nvidia-rtx-4050-ga402nu-g14-r74050/,1
Ayoub Computers,ASUS,ZenBook Q508UG,AMD Ryzen 7 5700U,GeForce MX450 2GB,8GB,256GB SSD,15.6",,New,https://ayoubcomputers.com/asus-zenbook-q508-15-6-laptop-amd-ryzen-7-5700u-ram-8gb-ssd-256gb-nvidia-mx450-2gb-q508ug-212-r7tbl/,1
Ayoub Computers,ASUS,Vivobook 16X K3605VC-N1244,Intel Core i9-13900H,RTX 3050,16GB,1TB SSD,16",,New,https://ayoubcomputers.com/asus-vivobook-16x-16-wuxga-laptop-intel-core-i9-13900h-ram-16gb-ssd-1tb-nvidia-rtx-3050-k3605vc-n1244/,1
Ayoub Computers,Acer,Aspire 3 A315-58,Intel Core i3-1115G4,Integrated,4GB,256GB SSD,15.6",,New,https://ayoubcomputers.com/acer-aspire-3-a315-58-15-6-laptop-intel-core-i3-1115g4-ram-4gb-ssd-256gb-a315-58-34x1/,1
Ayoub Computers,Acer,Swift 3 SF314-511-707M,Intel Core i7-1165G7,Integrated,8GB,512GB SSD,14",,New,https://ayoubcomputers.com/acer-swift-3-sf314-511-707m-14-laptop---intel-core-i7-1165g7---ram-8gb---ssd-512gb-nx.abnaa.006/,1
Ayoub Computers,Acer,Aspire 3 A315-58-33XS,Intel Core i3-1115G4,Integrated,4GB,128GB SSD,15.6",,New,https://ayoubcomputers.com/acer-aspire-3-a315-58-33xs-15-6-laptop-intel-core-i3-1115g4-ram-4gb-ssd-128gb-nx-at0aa-008/,1
Ayoub Computers,Acer,Predator Helios Neo 16 PHN16-73-97BP,Intel Ultra 9 275HX,RTX 5060,16GB,1TB SSD,16",,New,https://ayoubcomputers.com/acer-predator-helios-neo-16-16-wqxga-gaming-laptop-intel-core-ultra-9-275hx-16-gb-ram-1-tb-ssd-nvidia-rtx-5060-phn16-73-97bp/,1
Ayoub Computers,Acer,Aspire 5 A515-56-32DK,Intel Core i3-1115G4,Integrated,4GB,128GB SSD,15.6",,New,https://ayoubcomputers.com/acer-aspire-5-a515-56-32dk-15-6-laptop-intel-core-i3-1115g4-ram-4gb-ssd-128gb-intel-uhd-nx-aasaa-004/,1
Ayoub Computers,Acer,Predator Helios Neo 16S AI PHN16S-71-91AW,Intel Ultra 9 275HX,RTX 5060,16GB,1TB SSD,16",1499,New,https://ayoubcomputers.com/acer-predator-helios-neo-16s-ai-16-gaming-laptop-intel-core-ultra-9-275hx-rtx-5060-16gb-ram-1tb-ssd-windows-11-home-phn16s-71-91aw/,1
Ayoub Computers,Acer,Aspire Vero AV14-51-73LM,Intel Core i7-1255U,Integrated,16GB,1TB SSD,14",,New,https://ayoubcomputers.com/acer-aspire-vero-av14-51-73lm-14-laptop-intel-core-i7-1255u-ram-16gb-ssd-1tb-intel-iris-xe-nx-kbmaa-002/,1
Ayoub Computers,Acer,Predator Helios Neo 16 NH.QQXAA.002,Intel Core i9-14900HX,RTX 4060,16GB,1TB SSD,16",,New,https://ayoubcomputers.com/acer-predator-helios-neo-16-16-lcd-gaming-laptop-intel-core-i9-14900hx-ram-16gb-ssd-1tb-nvidia-rtx-4060-win-11-nh-qqxaa-002/,1
Ayoub Computers,MSI,Thin 15 B13UC-2610AE,Intel Core i7-13620H,RTX 3050,16GB,512GB SSD,15.6",,New,https://ayoubcomputers.com/msi-thin-15-15-6-gaming-laptop-intel-core-i7-13620h-ram-16gb-ssd-512gb-nvidia-geforce-rtx-3050-b13uc-2610ae/,1
Ayoub Computers,MSI,Cyborg 15 A13VF-699XRO,Intel Core i7-13620H,RTX 4060,16GB,1TB SSD,15.6",,New,https://ayoubcomputers.com/msi-cyborg-15-15-6-fhd-144hz-gaming-laptop-intel-core-i7-137620h-16gb-ram-1tb-ssd-nvidia-geforce-rtx-4060-a13vf-699xro/,1
Ayoub Computers,MSI,Crosshair 18 HX AI A2XWGKG-012US,Intel Ultra 9 275HX,RTX 5070 8GB,32GB,1TB SSD,18",,New,https://ayoubcomputers.com/msi-crosshair-18-hx-ai-18-qhd-240hz-gaming-laptop-intel-core-ultra-9-275hx-ram-32gb-ssd-1tb-nvidia-geforce-rtx-5070-8gb-gddr7-cosmo-gray-a2xwgkg012us/,1
Ayoub Computers,MSI,Vector GP66 12UHSO-673,Intel Core i9-12900H,RTX 3080 Ti,32GB,1TB SSD,15.6",,New,https://ayoubcomputers.com/msi-vector-gp66-12uhso-673-15-6-laptop-intel-core-i9-12900h-ram-32gb-ssd-1tb-rtx-3080-ti-gp6612673/,1
Ayoub Computers,MSI,CreatorPro X17 A12UKS-059,Intel Core i9-12900HX,RTX A3000,32GB,1TB SSD,17.3",,New,https://ayoubcomputers.com/msi-creatorpro-x17-a12uks-059-17-3-laptop-intel-core-i9-12900hx-ram-32gb-ssd-1tb-rtxa3000-cprox17059/,1
Ayoub Computers,MSI,Stealth 14 Studio A13VF-041,Intel Core i7-13620H,RTX 4060,16GB,1TB SSD,14",,New,https://ayoubcomputers.com/msi-stealth-14-studio-gaming-a13vf-041-14-laptop-intel-core-i7-13620h-16gb-ram-1tb-ssd-nvidia-rtx-4060-windows-11-home-stealth1413041/,1
Ayoub Computers,MSI,Sword 15 A12VF-1299US,Intel Core i7-12650H,RTX 4060,16GB,1TB SSD,15.6",,New,https://ayoubcomputers.com/msi-sword-15-15-6fhd-laptop-intel-core-i7-12650h-ram-16gb-ssd-1tb-nvidia-rtx-4060-a12vf-1299us/,1
Ayoub Computers,MSI,Bravo 15 C7VF-009,AMD Ryzen 7 7735HS,RTX 4060,8GB,512GB SSD,15.6",,New,https://ayoubcomputers.com/msi-bravo-15-fhd-15-6-gaming-laptop-amd-ryzen-7-7735hs-ram-8gb-ssd-512gb-nvidia-rtx-4060-win-11-c7vf-009/,1
Ayoub Computers,MSI,Vector 16 HX AI A2XWIG,Intel Ultra 9 275HX,RTX 5080 16GB,16GB,1TB SSD,16",,New,https://ayoubcomputers.com/msi-vector-16-hx-ai-16-qhd-240hz-gaming-laptop-intel-core-ultra-9-275hx-ram-16gb-ssd-1tb-rtx-5080-16gb-a2xwig/,1
Ayoub Computers,Lenovo,LOQ 15APH8 82XT001RUS,AMD Ryzen 7 7840HS,RTX 4060,16GB,512GB SSD,15.6",,New,https://ayoubcomputers.com/lenovo-loq-15aph8-15-6-fhd-gaming-laptop-amd-ryzen-7-7840hs-ram-16gb-ssd-512gb-rtx-4060-82xt001rus/,1
Ayoub Computers,Lenovo,LOQ 15IRH8 82XV00JVPS,Intel Core i7-13620H,RTX 4060,16GB,512GB SSD,15.6",,New,https://ayoubcomputers.com/lenovo-loq-15irh8-15-6-fhd-gaming-laptop-intel-core-i7-13620h-ram-16gb-ssd-512gb-nvidia-rtx-4060-82xv00jvps/,1
Ayoub Computers,Lenovo,LOQ 15IRH8 82XV002LUS,Intel Core i5-13420H,RTX 3050,8GB,1TB SSD,15.6",,New,https://ayoubcomputers.com/lenovo-loq-15irh8-15-6-fhd-gaming-laptop-intel-core-i5-13420-ram-8gb-ssd-1tb-nvidia-geforce-rtx-3050-82xv002lus/,1
Ayoub Computers,Lenovo,LOQ 82XV0082DP,Intel Core i7-13620H,RTX 4060,16GB,512GB SSD,15.6",,New,https://ayoubcomputers.com/lenovo-loq-15-6-fhd-gaming-laptop-intel-core-i7-13620h-ram-16gb-ssd-512gb-rtx-4060-82xv0082dp/,1
Ayoub Computers,Lenovo,LOQ 15IRH8 82XV007MAX,Intel Core i7-13620H,RTX 4050,16GB,512GB SSD,15.6",,New,https://ayoubcomputers.com/lenovo-loq-15irh8-15-6-wqhd-gaming-laptop-intel-core-i7-13620h-ram-16gb-ssd-512gb-nvidia-rtx-4050-82xv007max/,1
Ayoub Computers,Lenovo,LOQ 15AHP9 83DX00AVUS,AMD Ryzen 7 7845HS,RTX 4060,16GB,1TB SSD,15.6",,New,https://ayoubcomputers.com/lenovo-loq-15ahp9-15-6-laptop-amd-ryzen-7-7845hs-ram-16gb-ssd-1tb-nvidia-geforce-rtx-4060-windows-11-home-83dx00avus/,1
Ayoub Computers,Lenovo,LOQ 15IRX9 83DV00UUDP,Intel Core i7-14700HX,RTX 4060,16GB DDR5,1TB NVMe,15.6",,New,https://ayoubcomputers.com/lenovo-loq-15irx9-15-6-laptop-intel-core-i7-14700hx-ram-16gb-ddr5-nvme-1tb-nvidia-geforce-rtx-4060-83dv00uudp/,1
Ayoub Computers,Lenovo,LOQ 15IRH8 82XV00CBUS,Intel Core i7-13700H,RTX 4060,16GB,1TB SSD,15.6",,New,https://ayoubcomputers.com/lenovo-loq-15irh8-15-6-fhd-gaming-laptop-intel-core-i7-13700h-ram-16gb-ssd-1tb-rtx-4060-win-11-82xv00cbus/,1
Ayoub Computers,Lenovo,LOQ 83JE009UPS,Intel Core i7 HX,RTX 5060,24GB,512GB SSD,15.6",,New,https://ayoubcomputers.com/lenovo-loq-15-6-laptop-intel-core-i7-1350hx-ram-24gb-ssd-512gb-nvidia-geforce-rtx-5060-83je009ups/,1
Ayoub Computers,Lenovo,ThinkBook 15 G4 IAP 21DJ000XUS,Intel Core i5-1235U,Integrated,16GB,256GB SSD,15.6",,New,https://ayoubcomputers.com/lenovo-thinkbook-15-gen-4-iap-15-6-fhd-laptop-intel-core-i5-1235u-ram-16gb-ssd-256gb-intel-iris-xe-21dj000xus/,1
Ayoub Computers,Lenovo,ThinkBook Plus IML 20TG004SUS,Intel Core i7-10510U,Integrated,16GB,512GB SSD,13.3",,New,https://ayoubcomputers.com/lenovo-thinkbook-plus-iml-13-3-fhd-laptop-intel-core-i7-10510u-ram-16gb-ssd-512gb-intel-uhd-20tg004sus/,1
Ayoub Computers,Lenovo,ThinkBook 13s G3 ACN 20YA001MUS,AMD Ryzen 5 5600U,Integrated AMD Radeon,8GB,256GB SSD,13.3",,New,https://ayoubcomputers.com/lenovo-thinkbook-13s-g3-acn-13-3-wuxga-laptop-amd-ryzen-5-5600u-ram-8gb-ssd-256gb-amd-radeon-20ya001mus/,1
Ayoub Computers,Lenovo,ThinkBook 14 G6 IRL 21KG005QEV,Intel Core i7-13700H,Integrated,8GB,512GB SSD,14",,New,https://ayoubcomputers.com/lenovo-thinkbook-14-g6-irl-14wuxga-laptop-intel-core-i7-13700h-ram-8gb-ssd-512gb-intel-iris-xe-21kg005qev/,1
Ayoub Computers,HP,Victus 15-fa2013dx,Intel Core i5-13420H,RTX 3050,8GB,512GB SSD,15.6",,New,https://ayoubcomputers.com/hp-victus-15-6-gaming-laptop-intel-core-i5-13420h-ram-8gb-ssd-512gb-nvidia-geforce-rtx-3050-windows-11-15-fa2013dx/,1
Ayoub Computers,HP,Omen 16-c0011dx,AMD Ryzen 7 5800H,RTX 3050 Ti,16GB,512GB SSD,16.1",,New,https://ayoubcomputers.com/hp-omen-16-1-16-c0011dx-laptop-amd-ryzen-7-5800h-ram-16gb-ssd-512gb-rtx3050ti-win-11-4q8x9ua-aba/,1
Ayoub Computers,HP,Victus 15-fa0033dx,Intel Core i5-12450H,RTX 3050,8GB,512GB SSD,15.6",,New,https://ayoubcomputers.com/hp-victus-15-6-full-hd-144hz-gaming-laptop-intel-core-i5-12450h-ram-8gb-ssd-512gb-nvidia-geforce-rtx-3050-15-fa0033dx/,1
Ayoub Computers,HP,Victus 16-e0161nr,AMD Ryzen 7 5800H,RTX 3050 Ti,16GB,512GB SSD,16.1",,New,https://ayoubcomputers.com/hp-victus-16-1-gaming-laptop-amd-ryzen-7-5800h-16gb-ram-512gb-ssd-rtx3050ti-16-e0161nr/,1
Ayoub Computers,HP,Omen 16-wf0083dx,Intel Core i9-13900HX,RTX 4060,16GB,1TB SSD,16.1",,New,https://ayoubcomputers.com/hp-omen-16-1-full-hd-165hz-gaming-laptop-intel-core-i9-13900hx-ram-16gb-ssd-1tb-nvidia-geforce-rtx-4060-16-wf0083dx/,1
Ayoub Computers,HP,Omen 16-am0017 League of Legends Edition,Intel Core i7-14650HX,RTX 5060 8GB,32GB,1TB SSD,16",,New,https://ayoubcomputers.com/hp-omen-16-am0017-league-of-legends-limited-edition-16-gaming-laptop-intel-core-i7-14650hx-ram-32gb-ssd-1tb-nvidia-geforce-rtx-5060-8gb-windows-11-bz0f9ua-aba/,1
Ayoub Computers,HP,Omen 16-n0023,AMD Ryzen 7 6800H,RTX 3060,16GB,512GB SSD,16.1",,New,https://ayoubcomputers.com/hp-omen-16-n0023-16-1-laptop-amd-ryzen-7-6800h-ram-16gb-ssd-512gb-rtx-3060-6a8h3uar/,1
Ayoub Computers,HP,ProBook x360 435 G9,AMD Ryzen 5 5625U,Integrated AMD Radeon,16GB,256GB SSD,13.3" touch,,New,https://ayoubcomputers.com/hp-probook-x360-435-g9-multi-touch-2-in-1-13-3-laptop-amd-ryzen-5-5625u-16gb-ram-256gb-ssd-amd-radeon-6f7s7ut/,1
Ayoub Computers,ASUS,ROG Strix G18 G814JVR-N6035,Intel Core i9-14900HX,RTX 4060,32GB,1TB SSD,18",,New,https://ayoubcomputers.com/asus-rog-strix-g18-18-gaming-laptop-intel-core-i9-14900hx-ram-32gb-ssd-1tb-geforce-rtx-4060-g814jvr-n6035/,1
Ayoub Computers,ASUS,TUF Gaming A15 FA507NUR-LP129,AMD Ryzen 7 7435HS,RTX 4050,,,15.6",,New,https://ayoubcomputers.com/asus-tuf-gaming-a15-ryzen-7-rtx-4050-144hz-fhd-gaming-laptop-fa507nur-lp129/,1
Ayoub Computers,ASUS,ROG Flow Z13 GZ301ZC,Intel Core i7-12700H,RTX 3050 Ti,16GB,512GB SSD,13.4" touch,,New,https://ayoubcomputers.com/asus-rog-flow-z13-13-4-touch-screen-laptop-intel-core-i7-12700h-ram-16gb-ssd-512gb-rtx-3050ti-gz301zc-ps73/,1
Ayoub Computers,ASUS,TUF Gaming A15 FA507RE,AMD Ryzen 7 6800H,RTX 3050 Ti,8GB,512GB SSD,15.6",,New,https://ayoubcomputers.com/asus-tuf-gaming-a15-15.6-laptop---amd-ryzen-7-6800h---ram-8gb---ssd-512gb---rtx-3050ti---mecha-gray-fa507re-a15.r73050t/,1
Ayoub Computers,ASUS,TUF A15 FA507RM-ES73,AMD Ryzen 7 6800H,RTX 3060,16GB,512GB SSD,15.6",,New,https://ayoubcomputers.com/asus-tuf-a15-fa507rm-15-6-gaming-laptop-amd-ryzen-7-6800h-ram-16gb-ssd-512gb-rtx-3060-fa507rm-es73/,1
Ayoub Computers,ASUS,ROG Flow X13 GV301QE,AMD Ryzen 9,RTX 3050 Ti 4GB,16GB,1TB SSD,13.4" touch,,New,https://ayoubcomputers.com/asus-rog-13-4-touchscreen-gaming-laptop-amd-ryzen-9-16gb-memory-nvidia-rtx3050-ti-v4g-graphics-1tb-ssd-off-black-gv301qe-211-zg13/,1
Ayoub Computers,ASUS,Vivobook 15 X1504VA-NJ379,Intel Core i7-1355U,Integrated,8GB,512GB SSD,15.6",,New,https://ayoubcomputers.com/asus-vivobook-15-x1504va-nj379-15-6-fhd-laptop-intel-core-i7-1355u-ram-8gb-ssd-512gb-intel-iris-xe-x1504va-nj379/,1
Ayoub Computers,ASUS,ZenBook 14 UM3402YA-DS71,AMD Ryzen 7 5825U,Integrated AMD Radeon,8GB,512GB SSD,14" OLED,,New,https://ayoubcomputers.com/asus-zenbook-um3402ya-ds71-14-oled-laptop-amd-ryzen-7-5825u-ram-8gb-ssd-512gb-amd-radeon-um3402ya-ds71/,1
Ayoub Computers,ASUS,Vivobook 16X M1603QA,AMD Ryzen 7 5800HS,Integrated AMD Radeon,12GB,512GB SSD,16",,New,https://ayoubcomputers.com/asus-vivobook-16x-m1603qa-16-wuxga-laptop-amd-ryzen-7-5800hs-ram-12gb-ssd-512gb-amd-radeon-win-11-m1603qa-r712512/,1
Ayoub Computers,ASUS,ZenBook 13 UX325EA-EH71,Intel Core i7-1165G7,Integrated,8GB,512GB SSD,13.3",,New,https://ayoubcomputers.com/asus-zenbook-13-13-3-ultra-slim-laptop-intel-core-i7-1165g7-ram-8gb-ssd-512gb-ux325ea-eh71/,1
Jak Computer,MSI,Delta 15 9S7-15CK11-001,AMD Ryzen 7 5800H,Radeon RX 6700M 10GB,16GB,1TB SSD,15.6",,New,https://jakcomputer.com/shop/laptops/graphic-laptop/msi-delta-15-gaming-9s7-15ck11-001/,1
Jak Computer,MSI,Stealth 14 Studio A13VF 9S7-14K112-041,Intel Core i7-13620H,RTX 4060 8GB,16GB,1TB SSD,14",1099,New,https://jakcomputer.com/shop/laptops/graphic-laptop/msi-stealth-14-studio/,1
Jak Computer,Lenovo,Legion 5 15IRX10 83LY0077PS,Intel Core i9,RTX 5070,32GB DDR5,1TB NVMe,15.1" OLED,,New,https://jakcomputer.com/shop/laptops/graphic-laptop/lenovo-legion-5-15irx10/,1
Jak Computer,MSI,Raider GE68HX 14VGG-287US,Intel Core i9-14900HX,RTX 4070 8GB,32GB,1TB SSD,16",,New,https://jakcomputer.com/shop/laptops/graphic-laptop/msi-raider-ge68hx-gaming-14vgg-287us/,1
Jak Computer,MSI,Cyborg 15 AI A1VFK,Intel Ultra 7 155H,RTX 4060,16GB,1TB SSD,15.6",,New,https://jakcomputer.com/shop/laptops/graphic-laptop/msi-cyborg-15-ai-a1vfk-9s7-15k211-031/,1
Jak Computer,MSI,Vector 16 HX AI A2XWIG,Intel Ultra 9 275HX,RTX 5080 16GB,16GB,1TB SSD,16",,New,https://jakcomputer.com/shop/laptops/graphic-laptop/msi-vector-16-hx-ai-2/,1
Jak Computer,MSI,Crosshair 16 A13VGK-815US,Intel Core i7,RTX 4070,,,16",,New,https://jakcomputer.com/shop/laptops/graphic-laptop/msi-crosshair-16-gaming-a13vgk-815us/,1
Jak Computer,Lenovo,ThinkBook 14 21KJA093ED,AMD Ryzen 7 7730U,Integrated AMD Radeon,16GB,512GB SSD,14" touch,700,New,https://jakcomputer.com/shop/laptops/business-laptops/lenovo-thinkbook-14-21kja093ed/,1
Jak Computer,Lenovo,Legion Pro 5 16IAX10 83F3X007US,Intel Ultra 7 255HX,RTX 5060 8GB,,1TB SSD,16",1650,New,https://jakcomputer.com/products/lenovo-legion-pro-5-16iax1083f3x007us,1
Jak Computer,ASUS,ProArt PZ13 Detachable,Snapdragon X Plus,Integrated Adreno,,1TB SSD,13.3" OLED touch,1127,New,https://jakcomputer.com/products/asus-proart-pz13-detachable-laptop,1
Jak Computer,Lenovo,Legion 5 15IRX10 83LYX002US,Intel Core i7-14700HX,RTX 5060 8GB,,1TB SSD,15.1",1599,New,https://jakcomputer.com/products/lenovo-legion-5-15irx10-83lyx002us,1
Jak Computer,Lenovo,Legion 9 18IAX10 83EYX002R1,Intel Ultra 9,RTX 5080 16GB,,,18",3600,New,https://jakcomputer.com/products/lenovo-legion-9-18iax10-83eyx002r1,1
Jak Computer,Razer,Blade 18,Intel Ultra 9 275HX,RTX 5090 24GB,,,18",,New,https://jakcomputer.com/products/razer-blade-18,1
Mojitech,HP,Omen 17-ck2002,Intel Core i7-13700HX,RTX 4080,16GB,1TB SSD,17.3",2120,New,https://mojitech.net/shop/brands/hp-brands/hp-omen-17-ck2002-gaming-laptop/,1
Mojitech,HP,Spectre x360,Intel Core i7-13700H,Integrated,16GB,512GB NVMe,touch,,New,https://mojitech.net/shop/deals/hp-spectre-x360/,1
Mojitech,Microsoft,Surface Pro 8,Intel Core i7,Integrated,16GB,256GB SSD,13" touch,1189,New,https://mojitech.net/shop/laptops/microsoft-surface-pro-8/,1
Mojitech,MSI,Katana 15,Intel Core i7-14650HX,RTX 5070,16GB,1TB NVMe,15.6",1179,New,https://mojitech.net/shop/laptops/msi-katana-15-core-i7-14650hx-rtx-5070-16gb-1tb-nvme-15-6/,1
Mojitech,HP,Omen 16,Intel Core i7,RTX 4050 6GB,16GB DDR5,1TB NVMe,16.1",,New,https://mojitech.net/shop/laptops/hp-omen-16-core-i7-16gb-ddr5-1tb-nvme16-1144hz-rtx-4050-6gb/,1
Mojitech,HP,Victus Gaming,Intel Core i7,RTX 3060,16GB,512GB SSD,,1515,New,https://mojitech.net/shop/laptops/hp/hp-victus-gaming-laptop-i7-16gb-512gb-rtx-3060-lebanon-hp/,1
Mojitech,MSI,Crosshair 16 HX D14VGKG-057US,Intel Core i7-14650HX,RTX 4070,16GB,1TB NVMe,16",,New,https://mojitech.net/shop/laptops/msi-crosshair-16-hx-d14vgkg-057us/,1
Mojitech,Lenovo,ThinkPad L13 20VH001BED,Intel Core i7,Integrated,16GB,512GB SSD,13.3",,New,https://mojitech.net/shop/laptops/lenovo-thinkpad-l13-20vh001bed-i7-16gb-ram-512gb-ssd-intel-iris-xe-13-3-win-10-pro-lebanon/,1
Mojitech,ASUS,ZenBook 14X OLED,Intel Core i5-13500H,Integrated,8GB,512GB SSD,14.5" OLED touch,744,New,https://mojitech.net/shop/deals/asus-zenbook-14/,1
Mojitech,HP,15-fd0268ne,Intel Core i5-1334U,Integrated,8GB,512GB NVMe,15.6",534,New,https://mojitech.net/shop/laptops/hp-15-fd0268ne-laptop-core-i5-1334u/,1
Mojitech,Apple,MacBook Pro 13 MXK52LL/A (Intel),Intel Core i5,Integrated,8GB,512GB SSD,13.3",1500,New,https://mojitech.net/shop/apple-products/apple-notebooks/macbook-pro-mxk52ll-a-in-lebanon-i5-8gb-512gb-13-3/,1
Mojitech,Lenovo,ThinkPad E15 Gen 4 21E600ATGP,Intel Core i5-1235U,GeForce MX550 2GB,8GB,512GB SSD,15.6",669,New,https://mojitech.net/shop/laptops/lenovo-thinkpad-e15-gen-4-15-6-seller-lebanon/,1
Mojitech,MSI,Cyborg 15 A12VE-046US,Intel Core i5-12450H,RTX 4050 6GB,8GB DDR5,512GB NVMe,15.6",841,New,https://mojitech.net/shop/brands/msi-brands/msi-cyborg-15/,1
Mojitech,Lenovo,IdeaPad 3,Intel Core i5-1155G7,Integrated,8GB,512GB NVMe,15.6",395,New,https://mojitech.net/shop/laptops/lenovo/lenovo-ideapad-3-core-i5-1155g7-8gb-512gb-nvme-15-6%E2%80%B3-tax-included/,1
Mojitech,Lenovo,V15 G4 83A10099AK,Intel Core i5-13420H,Integrated,8GB,512GB NVMe,15.6",428,New,https://mojitech.net/shop/brands/lenovo-brands/lenovo-v15-g4-83a10099ak/,1
Mojitech,Lenovo,LOQ 83GS002K2FE,Intel Core i5-12450HX,RTX 2050,8GB,512GB NVMe,15.6",604,New,https://mojitech.net/shop/brands/lenovo-brands/lenovo-loq-83gs002k2fe/,1
Mojitech,Lenovo,ThinkPad E14 Gen 8 21Y60025GR,Intel Ultra 7 355,Integrated,16GB DDR5,512GB NVMe,14",1329,New,https://mojitech.net/shop/brands/lenovo-brands/lenovo-thinkpad-e14-gen-8-ultra-7-355-16gb-512gb/,1
Mojitech,Lenovo,ThinkPad E14 Gen 8 21Y6002NGR,Intel Ultra 7 355,Integrated,16GB DDR5,512GB NVMe,14",,New,https://mojitech.net/shop/brands/lenovo-brands/lenovo-thinkpad-e14-gen-8-ultra-7-355-16gb-512gb-2/,1
Mojitech,Lenovo,IdeaPad 5 2-in-1 83KR0047US,Intel Ultra 5 225U,Integrated,8GB,512GB SSD,14" touch,,New,https://mojitech.net/shop/brands/lenovo-brands/lenovo-ideapad-5-14-touch-x360-ultra-5-225u-8gb-512gb/,1
Mojitech,Lenovo,IdeaPad Pro 5i 83JM001GUS,Intel Ultra 7 255H,RTX 5050,16GB,1TB NVMe,16" OLED touch,1299,New,https://mojitech.net/shop/laptops/lenovo-ideapad-pro-5i-ultra7-rtx5050/,1
Mojitech,Acer,Nitro V15 ANV15-52-57BB,Intel Core i5-13420H,RTX 5050,8GB,512GB SSD,15.6",,New,https://mojitech.net/shop/laptops/acer-nitro-v15-anv15-52-57bb/,1
Mojitech,Acer,Nitro 15 ANV15-A31-R7H1,AMD Ryzen 7 170,RTX 5060 8GB,16GB,1TB SSD,15.6",,New,https://mojitech.net/shop/laptops/acer-nitro-15-anv15-a31-r7h1-ryzen-7-rtx-5060-16gb-1tb/,1
Mojitech,Acer,Predator Helios Neo 16S AI PHN16S-71-91AW,Intel Ultra 9 275HX,RTX 5060,16GB,1TB SSD,16" OLED,,New,https://mojitech.net/shop/laptops/acer-predator-helios-neo-16s-i9-rtx-5060-oled-gaming-laptop/,1
Mojitech,Acer,Predator Helios 18 PH18-73-962W,Intel Ultra 9 275HX,RTX 5090,64GB,2TB NVMe,18",,New,https://mojitech.net/shop/brands/acer-brands/acer-predator-helios-18-ph18-73-962w-rtx-5090/,1
Mojitech,Acer,Nitro V 15 ANV15-52-99CV,Intel Core i9-13900H,RTX 5050 8GB,16GB,512GB NVMe,15.6",,New,https://mojitech.net/shop/laptops/acer-nitro-v-15-core-i9-rtx-5050-16gb-512gb/,1
Mojitech,Acer,Predator Helios Neo 16S PHN16S-71-98RF,Intel Ultra 9 275HX,RTX 5070 Ti 12GB,32GB,1TB NVMe,16" OLED,,New,https://mojitech.net/shop/laptops/acer-predator-helios-neo-16s-phn16s-71-98rf-nh-u0kaa-001-ultra-9-275hx-5070ti-12gb-32gb-1tb-nvme-16-2560x1600-oled-240hz-2-years-warranty/,1
Mojitech,Acer,TravelMate P2 NX.VPQEM.008,Intel Core i7-1165G7,GeForce MX330 2GB,8GB,256GB SSD,14",,New,https://mojitech.net/shop/laptops/acer-travelmate-p2-nx-vpqem-008-core-i7/,1
Laptops King,Lenovo,ThinkPad T14 Gen 3 21AH00BPUS,Intel Core i5-1235U,Integrated,,,14",999,New,https://laptopsking.com/products/lenovo-thinkpad-t14-gen3-21ah00bpus-core-i5-1235u-laptops-brand-new,1
Laptops King,Dell,G15 5520,Intel Core i7-12700H,RTX 3050 Ti,,,15.6",1199,New,https://laptopsking.com/products/dell-g15-5520-core-i7-12700h-rtx-3050-ti-120hz-gaming-laptops-brand-new,1
Laptops King,Lenovo,IdeaPad 3 15ITL6 82H8,Intel Core i7-1165G7,GeForce MX450,,,15.6",755,New,https://laptopsking.com/products/lenovo-ideapad-3-15itl6-i7-1165g7-mx450-laptop-offers-brand-new,1
Laptops King,Lenovo,ThinkPad E15 Gen 4 21E6007FUS,Intel Core i5-1235U,Integrated,,,15.6",899,New,https://laptopsking.com/products/lenovo-thinkpad-e15-gen4-21e6007fus-core-i5-1235u-15-6-laptops-brand-new,1
Laptops King,Lenovo,IdeaPad Flex 5 82R7003SUS,Intel Core i5-1235U,Integrated,,,14" touch,875,New,https://laptopsking.com/products/lenovo-ideapad-flex-5-82r7003sus-core-i5-1235u-iris-xe-2in1-laptop-brand-new,1
Laptops King,Lenovo,IdeaPad Slim 5 16IRL8 82XF001TUS,Intel Core i7-1355U,Integrated,,,16" touch,,Open box,https://laptopsking.com/products/lenovo-ideapad-slim-5-16irl8-82xf001tus-core-i7-1355u-vga-iris-xe-16-touch-laptop-new-ob,1
Laptops King,Lenovo,IdeaPad Flex 5 14ITL05 82HS,Intel Core i3-1115G4,Integrated,,,14" touch,455,New,https://laptopsking.com/products/lenovo-ideapad-flex-5-14itl05-82hs-i3-1115g4-2in1-laptop-brand-new,1
Laptops King,Lenovo,ThinkPad T14 G4 21HDCTO1WW,Intel Core i7-1355U,Integrated,,,14",1455,New,https://laptopsking.com/products/thinkpad-t14-g4-21hdcto1ww-core%E2%84%A2-i7-1355u-intel-laptop-brand-new,1
Laptops King,Acer,Nitro V 15,Intel Core i9-13900H,RTX 5060 8GB,,,15.6",,New,https://laptopsking.com/products/acer-nitro-v-15-gaming-laptop-i9-13900h-rtx-5060-15-6-inch-165hz-new,1
Laptops King,Lenovo,Legion 5i 16IAX10 83NX0000US,Intel Ultra 9 275HX,RTX 5060,,,16",1499,New,https://laptopsking.com/products/lenovo-legion-5i-16iax10-83nx0000us-ultra-9-275hx-rtx-5060,1
Laptops King,Dell,Alienware Aurora 16 AC16250,Intel Core 7 240H,RTX 5060 8GB,,,16",1399,New,https://laptopsking.com/products/alienware-aurora-16-ac16250-core-7-240h-rtx-5060-16-qhd-120hz-gaming-laptop-brand-new-1yr-warranty,1
Laptops King,MSI,Crosshair 18 HX AI A2XWGKG-012US,Intel Ultra 9 275HX,RTX 5070 8GB,32GB DDR5,1TB NVMe,18",,New,https://laptopsking.com/products/msi-crosshair-18-hx-ai-a2xw1gg-012us-core-ultra-9-275hx-rtx-5070-gddr7-8gb-32gb-ddr5-1tb-nvme-18-inch-qhd-qhd-240hz-gaming-laptop,1
Laptops King,ASUS,ROG Zephyrus G14 GA403UM,AMD Ryzen 9 270,RTX 5060,,,14" OLED,1899,New,https://laptopsking.com/products/asus-rog-zephyrus-g14-ga403um-g14-r9hx4-ryzen-9-270-rtx-5060-14-3k-oled-laptop-brand-new-1yr-warranty,1
Laptops King,Lenovo,Legion 5 15IRX10 83LY00DKDP,Intel Core i9-14900HX,RTX 5070 8GB,,,15.6",1777,New,https://laptopsking.com/products/lenovo-legion-5-15irx10-83ly00dkdp-core-i9-14900hx-rtx-5070-8gb-15-6-qhd-165hz-gaming-laptop-brand-new-2yr-warranty,1
Laptops King,ASUS,ROG Strix G16 G615JMR-AS74,Intel Core i7-14650HX,RTX 5060,,,16",1555,New,https://laptopsking.com/products/asus-rog-strix-g16-g615jmr-as74-core-i7-14650hx-rtx-5060-16-fhd-165hz-gaming-laptop-brand-new-1yr-warranty,1
Laptops King,Dell,Alienware Aurora 16X LAC16251-9582BLU-PUS,Intel Ultra 9 275HX,RTX 5070,,,16",2099,New,https://laptopsking.com/products/alienware-aurora-16x-lac16251-9582blu-pus-ultra-9-275hx-rtx-5070-16-2k-240hz-brand-new-1yr-warranty,1
DSLR Zone,Lenovo,Legion 5 83DG00BCUS,Intel Core i9-14900HX,RTX 4070 8GB,16GB,1TB SSD,16",1679,New,https://www.dslr-zone.com/product/lenovo-legion-5-4/,1
DSLR Zone,MSI,Crosshair 16 A13VGK-815US,Intel Core i7,RTX 4070,,,16",1240,New,https://www.dslr-zone.com/product/msi-crosshair-16-gaming/,1
DSLR Zone,Lenovo,LOQ 15IRX10,Intel Core i7-13700HX,RTX 5050,24GB,512GB SSD,15.6",1199,New,https://www.dslr-zone.com/product/lenovo-loq-15irx10-i7-13700hx-24gb-512gb-rtx-5050-15-6%E2%80%B3-144hz/,1
DSLR Zone,Lenovo,LOQ 15IRX9 83DV010SDP,Intel Core i7-13650HX,RTX 4050 6GB,24GB,512GB SSD,15.6",1175,New,https://www.dslr-zone.com/product/lenovo-loq-15irx9-83dv010sdp/,1
DSLR Zone,Lenovo,Legion 5 Pro 16IRX8 82WK000CUS,Intel Core i7-13700HX,RTX 4070 8GB,16GB,512GB SSD,16",1350,New,https://www.dslr-zone.com/product/lenovo-legion-5-pro-2/,1
PCandParts,MSI,Cyborg 14 A13VF-018US,Intel Core i7-13620H,RTX 4060,16GB,512GB SSD,14",,New,https://pcandparts.com/product/msi-cyborg-14-a13v-i7-16gb-512gb-ssd-rtx-4060-14-win11-tax-included/,1
PCandParts,ASUS,TUF Gaming F15 FX507VV-LP177,Intel Core i7-13700H,RTX 4060,16GB,512GB SSD,15.6",,New,https://pcandparts.com/product/asus-tuf-gaming-f15-fx507vv-lp177-i7-16gb-ram-512gb-ssd-rtx-4060-15-6/,1
PCandParts,HP,Omen 16t-wf000,Intel Core i7,RTX 4070,16GB,512GB SSD,16",,New,https://pcandparts.com/product/hp-laptop-gaming-omen-16t-wf000-i7-16gb-512gb-ssd-rtx-4070-16-win11-tax-included/,1
PCandParts,Acer,Predator Triton Neo 16,Intel Ultra 9 185H,RTX 4070,32GB,1TB SSD,16",,New,https://pcandparts.com/product/acer-predator-triton-neo-16-ultra-9-32gb-1tb-ssd-rtx-4070-win11-tax-included/,1
PCandParts,MSI,Katana 15 B13VGK-484US,Intel Core i7-13620H,RTX 4070,16GB,1TB SSD,15.6",,New,https://pcandparts.com/product/msi-katana-15-b13vgk-484us-i7-16gb-1tb-ssd-rtx-4070-15-6-win11-tax-included/,1
PCandParts,Acer,Predator Helios Neo 14 PHN14-51-98B1,Intel Ultra 9 185H,RTX 4070,32GB,1TB SSD,14.5",,New,https://pcandparts.com/product/acer-predator-helios-neo-14-phn14-51-98b1-ultra-9-32gb-1tb-ssd-rtx-4070-win11-tax-included/,1
PCandParts,Lenovo,IdeaPad 1 82V700FYDP,Intel Celeron,Integrated,4GB,256GB SSD,15.6",,New,https://pcandparts.com/product/lenovo-ideapad-1-82v700fydp-celeron-4gb-ram-256gb-ssd-15-6-tax-included/,1
PCandParts,Lenovo,IdeaPad Slim 3 83K100E9AX,Intel Core i5,Integrated,8GB,512GB SSD,15.3",466,New,https://pcandparts.com/product/lenovo-ideapad-slim-3-83k100e9ax-i5-8gb-512gb-ssd-15-3-tax-included/,1
PCandParts,HP,15-fd0149ne,Intel Core i5,Integrated,8GB,512GB SSD,15.6",449,New,https://pcandparts.com/product/hp-15-fd0149ne-i5-8gb-512gb-ssd-15-6-tax-included/,1
PCandParts,Dell,15 DC15250 (Touch),Intel Core i5,Integrated,8GB,512GB SSD,15.6" touch,464,New,https://pcandparts.com/product/dell-15-dc15250-i5-8gb-512gb-ssd-15-6-touch-win11-tax-included/,1
PCandParts,HP,15-fd0005dx,Intel Core i5,Integrated,8GB,512GB SSD,15.6" touch,439,New,https://pcandparts.com/product/hp-laptop-15-fd0005dx-i5-8gb-512gb-ssd-15-6-touch-win11-tax-included/,1
PCandParts,MSI,Cyborg 15 A12VE-046US,Intel Core i5,RTX 4050,8GB,512GB SSD,15.6",,New,https://pcandparts.com/product/msi-cyborg-15-a12ve-046us-i5-8gb-ram-512gb-ssd-rtx-4050-15-6-win11-tax-included/,1
PCandParts,Dell,Inspiron 14 2-in-1 (Ryzen 5),AMD Ryzen 5,Integrated AMD Radeon,8GB,512GB SSD,14" touch,,New,https://pcandparts.com/product/dell-inspiron-14-2-in-1-ryzen-5-8gb-512gb-ssd-14-touch-win11-tax-included/,1
PCandParts,Lenovo,ThinkPad E16 21SR0017GR,Intel Ultra 7,Integrated Intel Arc,16GB,512GB SSD,16",925,New,https://pcandparts.com/product/lenovo-thinkpad-e16-21sr0017gr-utra-7-16gb-512gb-ssd-arc-16-tax-included/,1
PCandParts,HP,ProBook 4 G1i (14"),Intel Ultra 7,Integrated,16GB,512GB SSD,14",,New,https://pcandparts.com/product/hp-probook-4-g1i-ultra-7-16gb-512gb-ssd-14-tax-included/,1
PCandParts,HP,250 G9 6S6V4EA,Intel Core i7,Integrated,8GB,512GB SSD,15.6",,New,https://pcandparts.com/product/hp-250-g9-6s6v4ea-i7-8gb-512gb-ssd-15-6/,1
PCandParts,Lenovo,Slim Pro 9i 16IRP8 83C00003US,Intel Core i9,RTX 4050,32GB,1TB SSD,16" touch,,New,https://pcandparts.com/product/lenovo-slim-pro-9i-16irp8-83c00003us-i9-32gb-1tb-ssd-16-touch-rtx-4050-win11-tax-included/,1
PCandParts,Lenovo,Legion Pro 5 83NN0039US,Intel Core i7,RTX 5060,16GB,1TB SSD,16",,New,https://pcandparts.com/product/lenovo-legion-pro-5-83nn0039us-i7-16gb-1tb-ssd-rtx-5060-16-win11-tax-included/,1
PCandParts,HP,Omen Max 16 (Ryzen AI 7),AMD Ryzen AI 7 350,RTX 5070 Ti,16GB,512GB SSD,16",,New,https://pcandparts.com/product/hp-omen-max-16-ryzen-ai-7-h-350-16gb-512gb-ssd-rtx-5070ti-16-win11-tax-included/,1
PCandParts,Lenovo,LOQ 83JE00XEDP,Intel Core i7,RTX 5070,32GB,1TB SSD,15.6",,New,https://pcandparts.com/product/lenovo-loq-83je00xedp-i7-32gb-1tb-ssd-rtx-5070-15-6-tax-included/,1
PCandParts,Lenovo,IdeaPad 1 82VG00WXUS,AMD Ryzen 5,Integrated AMD Radeon,8GB,256GB SSD,15.6",455,New,https://pcandparts.com/product/lenovo-ideapad-1-82vg00wxus-ryzen-5-8gb-256gb-ssd-15-6-610m-win11-tax-included/,1
PCandParts,HP,Omen 16-ap0053dx,AMD Ryzen 9,RTX 5060,32GB,1TB SSD,16",,New,https://pcandparts.com/product/hp-laptop-gaming-omen-16-ap0053dx-ryzen-9-32gb-1tb-ssd-rtx-5060-16-win11-tax-included/,1
PCandParts,ASUS,TUF A16 FA608UP-A16.R95070,AMD Ryzen 9,RTX 5070,32GB,1TB SSD,16",,New,https://pcandparts.com/product/asus-tuf-a16-fa608up-a16-r95070-ryzen-9-32gb-1tb-ssd-rtx-5070-16-win11-tax-included/,1
PCandParts,ASUS,TUF Gaming A18 FA808UM,AMD Ryzen 7,RTX 5060,16GB,1TB SSD,18",,New,https://pcandparts.com/product/asus-tuf-gaming-a18-fa808um-ryzen-7-16gb-1tb-ssd-rtx-5060-18-win11-tax-included/,1
PCandParts,Lenovo,Legion 5 83EF0002US,AMD Ryzen 7,RTX 4060,16GB,512GB SSD,15.6",,New,https://pcandparts.com/product/lenovo-legion-5-83ef0002us-ryzen-7-16gb-512gb-ssd-rtx-4060-15-6-win11-tax-included/,1
PCandParts,Lenovo,Yoga 7 83JU0003US,AMD Ryzen AI 7,Integrated AMD Radeon,16GB,1TB SSD,16" touch,919,New,https://pcandparts.com/product/lenovo-yoga-7-83ju0003us-ryzen-ai-7-16gb-1tb-ssd-16-touch-radeon-win11-tax-included/,1
Mediatech,Lenovo,Legion 5 16IAX10 83NX0000US,Intel Ultra 9 275HX,RTX 5060 8GB,32GB DDR5,1TB NVMe,16" OLED,,New,https://mediatechlb.com/product/lenovo-legion-5-16iax10-83nx0000us-core-ultra-9-275hx-32gb-ddr5-1tb-nvme-en-16-wqxga-oled-240hz-rtx-5060-8gb-win-11-laptops-in-lebanon/,1
Mediatech,Lenovo,Legion Pro 7i Gen 10 83F5CTO1WW,Intel Ultra 9 275HX,RTX 5090 24GB,32GB,1TB SSD,16",,New,https://mediatechlb.com/product/legion-pro-7i-gen-10-83f5cto1ww-intel-core-ultra-9-275hx-1tb-ssd-32gb-16-0-inch-2560-x-1600-nvidia-geforce-rtx-5090-24gb-w11h-black-laptop-in-lebanon/,1
Mediatech,Apple,MacBook Pro 14 M3 MXE03LL/A,Apple M3,Apple 10-core GPU,16GB,1TB SSD,14.2",2150,New,https://mediatechlb.com/product/macbook-pro-apple-mxe03ll-a-m3-8-core-cpu-16gb-ddr5-1tb-ssd-14-2-inch-10-core-space-gray-business-laptopn-1-year-warinty/,1
Mediatech,Apple,MacBook Air 15 M3 MXD43LL/A,Apple M3,Apple 10-core GPU,16GB,512GB SSD,15.3",,New,https://mediatechlb.com/product/macbook-air-apple-mxd43ll-a-m3-8-core-cpu-16gb-ddr5-512gb-ssd-15-3-inch-10-core-gpu-midnight-business-laptop-1-year-warinty-laptop-in-lebanon/,1
Mediatech,Apple,MacBook Air 13 M3 MRXN3,Apple M3,Apple 8-core GPU,8GB,256GB SSD,13.6",,New,https://mediatechlb.com/product/macbook-air-apple-mrxn3ja-a-m3-8-core-cpu-8gb-ddr5-256gb-ssd-13-6-inc-8-core-gpu-space-grey-busniss-laptop-1-year-waranty-laptop-in-lebanon/,1
Mediatech,Apple,MacBook Pro 16 M2 Pro,Apple M2 Pro,Apple 19-core GPU,16GB,512GB SSD,16.2",2000,New,https://mediatechlb.com/product/macbook-pro-apple-m2-pro-12-core-cpu-16gb-ddr5-512gb-ssd-16-2-inch-19-core-gpu-space-gray-laptop-in-lebanon/,1
Mobileleb,HP,15-dw3009,Intel Core i7-1165G7,GeForce MX450 2GB,16GB,512GB SSD,15.6",,New,https://mobileleb.com/products/hp-15-dw3009-laptop,1
Mobileleb,ASUS,Vivobook Flip TP412FA-EC403T,Intel Core i3-10110U,Integrated,4GB,256GB SSD,14" touch,,New,https://mobileleb.com/products/asus-vivobook-tp412fa-ec403t-laptop,1
Mobileleb,MSI,Sword 15 (i7-11800H),Intel Core i7-11800H,RTX 3050 Ti,8GB,512GB SSD,15.6",,New,https://mobileleb.com/products/msi-sword-gaming-laptop-15-6-full-hd-display-intel-core-i7-11800h-processor-8gb-ram-512gb-ssd-nvidia-geforce-rtx-3050-ti,1
Mobileleb,HP,14s-dq2010ne,Intel Core i7-1165G7,Integrated,8GB,512GB NVMe,14",,New,https://mobileleb.com/products/hp-14s-dq2010ne-laptop-14-1366-x-768-hd-display-intel-core-i7-1165g7-8gb-ram-512gb-nvme,1
Mobileleb,Microsoft,Surface Book 2 13.5,Intel Core i7,GTX 1050 2GB,8GB,256GB SSD,13.5" touch,,New,https://mobileleb.com/products/microsoft-surface-book-2-13-5-detachable-touch-screen-intel-core-i7-8gb-ram-256gb-ssd-geforce-gtx-1050-2gb-win10-pro,1
961souq,Lenovo,LOQ 15IRX10 83JE00XEDP,Intel Core i7-13650HX,RTX 5070 8GB,32GB,1TB SSD,15.6",,New,https://961souq.com/products/lenovo-loq-15irx10-83je00xedp,1
DSLR Zone,Acer,Nitro V ANV15-51-75G,Intel Core i7-13620H,RTX 4060 8GB,16GB,1TB SSD,15.6",,New,https://www.dslr-zone.com/product/acer-nitro/,1
DSLR Zone,MSI,Katana 15 B13VGK-484US,Intel Core i7-13620H,RTX 4070 8GB,16GB,1TB SSD,15.6",,New,https://www.dslr-zone.com/product/msi-katana-15-2/,1
DSLR Zone,ASUS,ROG Strix G16 G614FR-S5184,AMD Ryzen 9 9955HX3D,RTX 5070 Ti 12GB,16GB,1TB SSD,16",2299,New,https://www.dslr-zone.com/product/asus-rog-strix-g16-g614fr-s5184/,1
DSLR Zone,ASUS,ROG Strix G16 (Ryzen 9 8940HX),AMD Ryzen 9 8940HX,RTX 5070 Ti 12GB,16GB,1TB SSD,16",,New,https://www.dslr-zone.com/product/asus-rog-strix-g16-amd-ryzen-9-8940hx-16gb-ram-1tb-ssd-rtx-5070-ti-12gb/,1
DSLR Zone,ASUS,ROG Strix G16 G614JVR-N3088,Intel Core i9-14900HX,RTX 4060 8GB,16GB,512GB SSD,16",1499,New,https://www.dslr-zone.com/product/asus-rog-strix-g16-g614jvr-n3088/,1
DSLR Zone,HP,Victus 15-fa2082wm,Intel Core i5-13420H,RTX 4050 6GB,16GB,512GB SSD,15.6",1000,New,https://www.dslr-zone.com/product/hp-victus-15-fa2082wm-core-i5-13420h-16gb-ram-512gb-ssd-rtx-4050-6gb/,1
DSLR Zone,HP,Omen 16t-wf100 912K6AV,Intel Core i7-14700HX,RTX 4070,16GB,512GB SSD,16",,New,https://www.dslr-zone.com/product/hp-omen-16t/,1
DSLR Zone,Apple,MacBook Air 13.6 M4,Apple M4,Apple 10-core GPU,16GB,256GB SSD,13.6",,New,https://www.dslr-zone.com/product/apple-macbook-air-13-6-m4-16gb-256gb-ssd/,1
DSLR Zone,Apple,MacBook Pro 14 M4 Pro,Apple M4 Pro,Apple 16-core GPU,24GB,512GB SSD,14.2",1919,New,https://www.dslr-zone.com/product/apple-macbook-pro-12/,1
DSLR Zone,Apple,MacBook Pro 16 M4 Pro,Apple M4 Pro,Apple GPU,24GB,512GB SSD,16.2",2449,New,https://www.dslr-zone.com/product/macbook-pro-m4-512/,1
DSLR Zone,Apple,MacBook Air 15 M4,Apple M4,Apple 10-core GPU,32GB,1TB SSD,15.3",2649,New,https://www.dslr-zone.com/product/apple-macbook-air-15/,1
DSLR Zone,Apple,MacBook Air 15 M4,Apple M4,Apple 10-core GPU,24GB,512GB SSD,15.3",1639,New,https://www.dslr-zone.com/product/apple-macbook-air/,1
DSLR Zone,Apple,MacBook Air 13 M4,Apple M4,Apple GPU,24GB,512GB SSD,13.6",,New,https://www.dslr-zone.com/product/apple-macbook-air-4/,1
DSLR Zone,Apple,MacBook Air 13 M4,Apple M4,Apple 10-core GPU,16GB,512GB SSD,13.6",1139,New,https://www.dslr-zone.com/product/apple-macbook-air-5/,1
DSLR Zone,Apple,MacBook Air 13.6 M3 MXCU3LL/A,Apple M3,Apple GPU,16GB,512GB SSD,13.6",,New,https://www.dslr-zone.com/product/apple-18/,1
DSLR Zone,Apple,MacBook Air 15 M3 MXD13LL/A,Apple M3,Apple GPU,,,15.3",,New,https://www.dslr-zone.com/product/apple-15-4/,1
Mediatech,Lenovo,LOQ 15IRH8,Intel Core i7-13650HX,RTX 4060 8GB,16GB,512GB SSD,15.6",,New,https://mediatechlb.com/product/lenovo-loq-15irh8-gaming-15-6-inch-core-i7-13620-16gb-ram-1tb-ssd-rtx-4060-8gb/,1
Mediatech,Lenovo,LOQ 15ARP9 82XT001RUS,AMD Ryzen 7 7435HS,RTX 4060 8GB,16GB,512GB SSD,15.6",,New,https://mediatechlb.com/product/lenovo-loq-15arp9-82xt001rus-amd-ryzen-7-7435hs-16gb-512gb-vga-rtx-4060-8gb-15-6-fhd-144hz-win11-laptop-in-lebanon/,1
Ayoub Computers,Apple,MacBook Air 13 M4 MC6U4 (Sky Blue),Apple M4,Apple 10-core GPU,16GB,512GB SSD,13.6",,New,https://ayoubcomputers.com/apple-macbook-air-m4-10-core-cpu-16-512-gb-ssd-13-sky-blue-mc6u4/,1
Ayoub Computers,Apple,MacBook Air 13 M4 MW123 (Midnight),Apple M4,Apple 8-core GPU,16GB,256GB SSD,13.6",,New,https://ayoubcomputers.com/apple-macbook-air-m4-10-core-cpu-16-256-gb-ssd-13-midnight-mw123/,1
Ayoub Computers,Apple,MacBook Pro 16 M4 Pro MX2U3,Apple M4 Pro,Apple 20-core GPU,48GB,512GB SSD,16.2",,New,https://ayoubcomputers.com/apple-macbook-pro-16-liquid-retina-laptop-m4-pro-with-14-core-cpu-ram-48gb-ssd-512gb-20-core-gpu-silver-mx2u3/,1
Ayoub Computers,Gigabyte,Aorus 15X ASF-B3US654SP,Intel Core i9-13900HX,RTX 4070,16GB,1TB SSD,15.6",,New,https://ayoubcomputers.com/gigabyte-aorus-15x-15-6-laptop-intel-core-i9-13900hx-ram-16gb-ssd-1tb-nvidia-rtx-4070-asf-b3us654sp/,1
Ayoub Computers,Gigabyte,Aorus 15P YD-74EE244SH,Intel Core i7-11800H,RTX 3080 16GB,32GB,1TB SSD,15.6",,New,https://ayoubcomputers.com/gigabyte-aorus-15p-yd-15-6-laptop-intel-core-i7-11800h-ram-32gb-ssd-1tb-nvidia-rtx-3080-yd-74ee244sh/,1
Ayoub Computers,Gigabyte,Aorus 16 BZHC6USE65SH,Intel Ultra 9 275HX,RTX 5090 24GB,32GB,2TB SSD,16" OLED,,New,https://ayoubcomputers.com/gigabyte-aorus-16-gaming-16-oled-wqxga-240hz-laptop-intel-core-ultra-9-275hx-ram-32gb-ssd-2tb-nvidia-geforce-rtx-5090-24gb-dark-tide-bzhc6use65sh/,1
Ayoub Computers,Gigabyte,Aorus 15 SE4-73US213SH,Intel Core i7-12700H,RTX 3070,16GB,512GB SSD,15.6",,New,https://ayoubcomputers.com/gigabyte-aorus-15-6-ips-gaming-laptop-intel-core-i7-12700h-ram-16gb-ssd-512gb-nvidia-geforce-rtx-3070-se4-73us213sh/,1
Ayoub Computers,Gigabyte,Aorus 15P KD-72EE224SH,Intel Core i7-11800H,RTX 3060,16GB,512GB SSD,15.6",,New,https://ayoubcomputers.com/gigabyte-aorus-15p-kd-15-6-laptop-intel-core-i7-11800h-ram-16gb-ssd-512gb-nvidia-rtx-3060-kd-72ee224sh/,1
Ayoub Computers,Gigabyte,Aero 16 XE4-73US918HP,Intel Core i7-12700H,RTX 3070 Ti,16GB,2TB SSD,16" OLED,,New,https://ayoubcomputers.com/gigabyte-aero-16-xe4-16-amoled-gaming-laptop-intel-core-i7-12700h-ram-16gb-ssd-2tb-nvidia-rtx-3070ti-xe4-73us918hp/,1
Ayoub Computers,ASUS,TUF Dash F15 FX517ZR,Intel Core i7-12650H,RTX 3070,16GB,512GB SSD,15.6",,New,https://ayoubcomputers.com/asus-tuf-dash-f15-15-6-laptop-intel-core-i7-12650h-ram-16gb-ssd-512gb-rtx-3070-fx517zr-f15/?showHidden=true,1
Ayoub Computers,Lenovo,IdeaPad 5 2-in-1 83DR000GUS,AMD Ryzen 7 8845HS,Integrated AMD Radeon,16GB,1TB SSD,14" touch,,New,https://ayoubcomputers.com/lenovo-ideapad-5-2-in-1-14-touch-screen-laptop-amd-ryzen-7-8845hs-ram-16gb-ssd-1tb-amd-radeon-83dr000gus/,1
Ayoub Computers,Lenovo,Yoga 6 13ALC7 82UD002TUS,AMD Ryzen 5 5500U,Integrated AMD Radeon,8GB,512GB SSD,13.3" touch,,Refurbished,https://ayoubcomputers.com/lenovo-yoga-6-13alc7-2-in-1-13-3-wuxga-laptop-amd-ryzen-5-5500u-ram-8gb-ssd-512gb-amd-radeon-82ud002tus/,1
Ayoub Computers,Lenovo,Yoga 7 2-in-1 14AHP9 83DK000ECF,AMD Ryzen 5 8640HS,Integrated AMD Radeon,16GB,512GB SSD,14" touch,,New,https://ayoubcomputers.com/lenovo-yoga-7-2-in-1-14ahp9-14-touchscreen-laptop-amd-ryzen-5-8640hs-ram-16gb-ssd-512gb-amd-radeon-760m-win11-83dk000ecf/,1
Ayoub Computers,Microsoft,Surface Laptop 4 13.5,AMD Ryzen 5,Integrated AMD Radeon,16GB,256GB SSD,13.5" touch,,New,https://ayoubcomputers.com/microsoft-surface-4-13-5-laptop-amd-ryzen-5-surface-edition-ram-16gb-ssd-256gb-7ip-00074/,1
Ayoub Computers,Lenovo,IdeaPad 1 15ALC7 82R4002PUS,AMD Ryzen 7 5700U,Integrated AMD Radeon,12GB,512GB SSD,15.6" touch,,New,https://ayoubcomputers.com/lenovo-ideapad-1-15alc7-touch-screen-15-6-fhd-laptop-amd-ryzen-7-5700u-ram-12gb-ssd-512gb-amd-radeon-82r4002pus/,1
PCandParts,Acer,Nitro V 15 ANV15-51-914J,Intel Core i9,RTX 4050,16GB,512GB SSD,15.6",,New,https://pcandparts.com/product/acer-nitro-v-15-anv15-51-914j-i9-16gb-512gb-ssd-rtx-4050-15-6-win11-tax-included/,1
PCandParts,MSI,Sword 15 (RTX 4050),Intel Core i7,RTX 4050,16GB,512GB SSD,15.6",,New,https://pcandparts.com/product/msi-sword-15-i7-16gb-ram-512gb-ssd-rtx-4050-win11-tax-included/,1
PCandParts,Acer,Nitro V15 ANV15-51-77DQ,Intel Core i7,RTX 4060,32GB,512GB SSD,15.6",,New,https://pcandparts.com/product/acer-nitro-v15-anv15-51-77dq-i7-32gb-512gb-ssd-rtx-4060-15-6-win11-tax-included/,1
PCandParts,Acer,Predator Helios Neo 16S PHN16S-71-91AW,Intel Ultra 9,RTX 5060,16GB,1TB SSD,16",,New,https://pcandparts.com/product/acer-predator-helios-neo-16s-phn16s-71-91aw-ultra-9-16gb-1tb-ssd-rtx-5060-16-win11-tax-included/,1
PCandParts,Lenovo,ThinkBook 16 21MS000NGQ,Intel Ultra 7,Integrated Intel Arc,8GB,512GB SSD,16",775,New,https://pcandparts.com/product/lenovo-thinkbook-21ms000ngq-ultra-7-8gb-512gb-ssd-arc-16-tax-included/,1
PCandParts,Lenovo,ThinkPad E14 G7 21SX001TGP + Bag,Intel Ultra 7,Integrated Intel Arc,16GB,512GB SSD,14",855,New,https://pcandparts.com/product/lenovo-thinkpad-e14-g7-21sx001tgp-bag-ultra-7-16gb-512gb-ssd-arc-14-tax-included/,1
PCandParts,Lenovo,ThinkPad E14 G7 21SXS0N500 + Bag,Intel Ultra 7,Integrated Intel Arc,16GB,512GB SSD,14",,New,https://pcandparts.com/product/lenovo-thinkpad-e14-g7-21sxs0n500-bag-ultra-7-16gb-512gb-ssd-arc-14-tax-included/,1
PCandParts,Lenovo,IdeaPad Slim 3 82X60062IN + Bag,Intel Core i3,Integrated,8GB,256GB SSD,15.6",,New,https://pcandparts.com/product/lenovo-ideapad-slim-3-82x60062in-bag-i3-8gb-256gb-ssd-15-6-tax-included/,1
PCandParts,Lenovo,LOQ 83JE002KUS,Intel Core i5,RTX 5050,16GB,512GB SSD,15.6",,New,https://pcandparts.com/product/lenovo-loq-83je002kus-i5-16gb-512gb-ssd-rtx-5050-15-6-win11/,1
PCandParts,Lenovo,Legion Pro 5 82WK0083US,Intel Core i9,RTX 4070,32GB,1TB SSD,16",,New,https://pcandparts.com/product/lenovo-legion-pro-5-82wk0083us-i9-32gb-1tb-ssd-rtx-4070-16-win11-tax-included/,1
PCandParts,ASUS,Vivobook 16X K3605VV-N1111,Intel Core i7,RTX 4060,16GB,1TB SSD,16",1098,New,https://pcandparts.com/product/asus-vivobook-16x-k3605vv-n1111-i7-16gb-1tb-ssd-rtx-4060-16-tax-included/,1
PCandParts,ASUS,Vivobook 15 F1504ZA-WH52,Intel Core i5,Integrated,8GB,256GB SSD,15.6",,New,https://pcandparts.com/product/asus-vivobook-15-f1504za-wh52-i5-8gb-256gb-ssd-15-6-win11-tax-included/,1
PCandParts,ASUS,ZenBook 14 OLED Q415MA-U5512,Intel Ultra 5,Integrated,8GB,512GB SSD,14" OLED touch,664,New,https://pcandparts.com/product/asus-zenbook-14-oled-q415ma-u5512-ultra-5-8gb-512gb-ssd-14-touch-win11-tax-included/,1
PCandParts,ASUS,ZenBook 14 OLED Q420VA-EVO.I7512,Intel Core i7,Integrated,16GB,512GB SSD,14" OLED touch,1538,New,https://pcandparts.com/product/asus-zenbook-14-oled-q420va-evo-i7512-i7-16gb-512gb-ssd-14-touch-win11-tax-included/,1
PCandParts,ASUS,ZenBook 14 OLED UX3405CA-U9321TB,Intel Ultra 9,Integrated Intel Arc,32GB,1TB SSD,14" OLED touch,,New,https://pcandparts.com/product/asus-zenbook-14-oled-ux3405ca-u9321tb-ultra-9-32gb-1tb-ssd-14-touch-win11-tax-included/,1
PCandParts,ASUS,Zenbook S16 UM5606WA,AMD Ryzen AI 9,Integrated AMD Radeon,24GB,1TB SSD,16",,New,https://pcandparts.com/product/asus-zenbook-s16-um5606wa-s16-r3651tb-ryzen-ai-9-24gb-1tb-ssd-radeon-16-win11-tax-included/,1
PCandParts,ASUS,TUF Gaming F15 (RTX 4060),Intel Core i7,RTX 4060,16GB,512GB SSD,15.6",,New,https://pcandparts.com/product/asus-tuf-gaming-f15-i7-16gb-ram-512gb-ssd-rtx-4060-15-6-tax-included/,1
Mediatech,ASUS,ROG Zephyrus G15 GA502IV-PH96,AMD Ryzen 9 4900HS,RTX 2060 6GB,16GB,1TB NVMe,15.6",,New,https://mediatechlb.com/product/asus-rog-zephyrus-ga502iv-ph96-ryzen-9-4900hs-15-6-inch-16gb-1tb-nvme-rtx2060-6g-gaming-laptop-in-lebanon/,1
Mediatech,ASUS,ROG Strix G16 G614JI-SS74,Intel Core i7-13650HX,RTX 4070 8GB,16GB,1TB SSD,16",,New,https://mediatechlb.com/product/asus-rog-strix-g16-g614ji-ss74-gaming-core-i7-13650hx-16g-1tb-16-inch-fhd-rtx-4070-8gb-gaming-laptop-lebanon/,1
Mediatech,ASUS,ROG Zephyrus G16 GU603VI,Intel Core i7-13620H,RTX 4070 8GB,16GB DDR4,512GB NVMe,16",1559,New,https://mediatechlb.com/product/asus-rog-zephyrus-gu603vi-g16-i74070-core-i7-13620h-16gb-ddr4-512gb-nvme-en-16-fhd-165hz-rtx-4070-8gb-win-11-gaming-laptop-lebanon/,1
Mediatech,ASUS,ROG Zephyrus G16 GU605CR-QR161,Intel Ultra 9 285H,RTX 5070 Ti 12GB,64GB,1TB NVMe,16",,New,https://mediatechlb.com/product/asus-rog-zephyrus-gu605cr-qr161-intel-core-ultra-9-285h-64gb-1tb-nvme-16-2-5k-wqxga-2560-x-1600-240hz-rtx-5070ti-12gb-win11p-rog-impact-gaming-mouse-rog-zephyrus-g16-sleeve-laptop-in/,1
Mediatech,HP,Omen 16 Slim (Ultra 7 255H),Intel Ultra 7 255H,RTX 5070 8GB,16GB DDR5,1TB SSD,16",,New,https://mediatechlb.com/product/hp-omen-16-slim-gaming-laptop-intel-core-ultra-7-255h-1tb-ssd-16gb-16-0-inch-fullhd-nvidia-geforce-rtx-5070-8gb-w11-black/,1
Mediatech,HP,Omen 17-cm2005 7N9G0UA,Intel Core i7,RTX 4070 8GB,32GB,1TB SSD,17.3",,New,https://mediatechlb.com/product/hp-omen-17-cm2005-gaming-7n9g0uaaba-i7-13th-32gb-1tb-ssd-17-3%E2%80%B3-fhd-rtx-4070-8g-in-lebanon/,1
Mediatech,HP,Victus 15-fb2082,AMD Ryzen 5 8645HS,RTX 4050 6GB,8GB,512GB NVMe,15.6",,New,https://mediatechlb.com/product/hp-victus-15-fb2082-gaming-a14mnuaaba-amd-ryzen-5-8645hs-4-3ghz-8gb-512gb-ssd-nvme-15-6-fhd-1920x1080-nvidia-rtx-4050-6gb-mica-silver-bt-win11-gaming-laptop-in-lebanon/,1
Mediatech,HP,Omen Transcend 14-fb1216nw,Intel Ultra 9 285H,RTX 5070 8GB,32GB DDR5,1TB NVMe,14" OLED,,New,https://mediatechlb.com/product/hp-omen-transcend-14-fb1216nw-core-ultra-9-285h-32gb-ddr5-1tb-nvme-en-14-0-3k-oled-rtx-5070-8gb-win-11laptops-in-lebanon/,1
Mediatech,HP,Omen Max 16 (Ultra 7 255HX),Intel Ultra 7 255HX,RTX 5070 8GB,32GB DDR5,2TB NVMe,16",,New,https://mediatechlb.com/product/hp-omen-max-16-ai-core-ultra-7-255hx-32gb-ddr5-2tb-nvme-en-16-2k2560x1600-240hz-rtx-5070-8gb-win-11/,1
Jak Computer,HP,Pavilion Plus 16t-ab000,Intel Core i7,RTX 3050 6GB,16GB,,16",850,New,https://jakcomputer.com/shop/laptops/gaming-laptops/hp-pavilion-plus-16t-ab000-a3hw0u8raba/,1
Jak Computer,Acer,Predator Helios Neo 14,Intel Ultra 9,RTX 4070,,,14.5",,New,https://jakcomputer.com/shop/laptops/gaming-laptops/acer-predator-helios-neo-14/,1
Jak Computer,HP,Omen Max 16t-ah000 A4NQ6AV,Intel Ultra 9 275HX,RTX 5090,,,16",3250,New,https://jakcomputer.com/shop/laptops/gaming-laptops/hp-omen-max-16t/,1
Ayoub Computers,HP,Spectre x360 13 9AJ99AV,Intel Core i7-1165G7,Integrated,16GB,512GB NVMe,13.3" touch,,New,https://ayoubcomputers.com/hp-spectre-x360-i7-1165-16gb-memory-512gb-nvme-13-3-fhd-touch-screen-win-10-laptop-9aj99av-12/,1
Ayoub Computers,HP,Envy 16-h1053dx,Intel Core i7-13700H,RTX 4060,16GB,1TB SSD,16" touch,,New,https://ayoubcomputers.com/hp-envy-16-touchscreen-laptop-intel-core-i7-13700h-ram-16gb-ssd-1tb-nvidia-geforce-rtx-4060-16-h1053dx/,1
Ayoub Computers,HP,Envy x360 15-eu1026,AMD Ryzen 7 5825U,Integrated AMD Radeon,8GB,512GB SSD,15.6" touch,,New,https://ayoubcomputers.com/hp-envy-x360-15-eu1026-15-6-fhd-laptop-amd-ryzen-7-5825u-touch-8gb-ram-512gb-ssd-nightfall-black-67w66uar/,1
Ayoub Computers,HP,Envy x360 15-ey1077,AMD Ryzen 5 7530U,Integrated AMD Radeon,12GB,256GB SSD,15.6" touch,,New,https://ayoubcomputers.com/hp-envy-x360-15-ey1077-2-1n-1-touch-screen-15-6-laptop-amd-ryzen-5-7530u-ram-12gb-ssd-256gb-win-11-8b3s4ua-aba/,1
Ayoub Computers,Acer,Predator Triton 300 SE PT314-52s-72B4,Intel Core i7-12700H,RTX 3060,16GB,1TB SSD,14",,New,https://ayoubcomputers.com/acer-predator-triton-300-se-pt314-52s-72b4-14-gaming-laptop-intel-core-i7-12700h-ram-16gb-ssd-1tb-nvidia-rtx-3060-nh-qhjaa-001/,1
Ayoub Computers,Acer,Predator Triton 300 SE PT314-51s-76QN,Intel Core i7,RTX 3050 Ti,16GB DDR4,512GB SSD,14",,New,https://ayoubcomputers.com/acer-predator-triton-300-se-14-144hz-laptop-intel-11th-gen-i7-nvidia-geforce-rtx-3050ti-16gb-ddr4-512gb-ssd-pt314-51s-76qn/,1
Ayoub Computers,Acer,Predator Helios Neo 16 PHN16-71-96JD,Intel Core i9-13900HX,RTX 4070,16GB,1TB SSD,16",,New,https://ayoubcomputers.com/acer-predator-helios-neo-16-16-wqxga-gaming-laptop-intel-core-i9-13900hx-ram-16gb-ssd-1tb-nvidia-rtx-4070-phn16-71-96jd/,1
Ayoub Computers,Acer,Predator Triton 17X PTX17-71-99W5,Intel Core i9-13900HX,RTX 4090,64GB,2TB SSD,17",,New,https://ayoubcomputers.com/acer-predator-triton-17x-17-wqxga-gaming-laptop-intel-core-i9-13900hx-ram-64gb-ssd-2tb-geforce-rtx-4090-win-11-ptx17-71-99w5/,1
Ayoub Computers,Acer,Predator Triton 300 SE PT314-52s-747P,Intel Core i7-12700H,RTX 3060,16GB,512GB SSD,14",,New,https://ayoubcomputers.com/acer-predator-triton-300-se-pt314-52s-747p-14-gaming-laptop-intel-core-i7-12700h-ram-16gb-ssd-512gb-nvidia-rtx-3060-nh-qhmaa-001/,1
Ayoub Computers,Lenovo,Legion Pro 5 16ARX8 82WM0007US,AMD Ryzen 7 7745HX,RTX 4060,16GB,1TB SSD,16",,New,https://ayoubcomputers.com/lenovo-legion-pro-5-16arx8-16-wqxga-gaming-laptop-amd-ryzen-7-7745hx-ram-16gb-ssd-1tb-rtx-4060-82wm0007us/,1
Ayoub Computers,Lenovo,Legion Pro 7i 83F500AMCC,Intel Ultra 9 275HX,RTX 5090,64GB,2TB SSD,16" OLED,,New,https://ayoubcomputers.com/lenovo-legion-pro-7i-16-gaming-laptop-core-ultra-9-275hx-64gb-ram-2tb-ssd-rtx-5090-83f500amcc/,1
Ayoub Computers,Lenovo,Legion 5 Pro 16IAH7H 82RG001JUS,AMD Ryzen 9 6900HX,RTX 3070 Ti,32GB,2TB SSD,16",,New,https://ayoubcomputers.com/lenovo-legion-5-pro-16iah7h-16-gaming-laptop-amd-ryzen-9-6900hx-ram-32gb-ssd-2tb-rtx-3070-ti-82rg001jus/,1
Ayoub Computers,Lenovo,Legion 5 Pro 16ARH7H 82RG001LUS,AMD Ryzen 7 6800H,RTX 3070 Ti,16GB,512GB SSD,16",,New,https://ayoubcomputers.com/lenovo-legion-5-pro-16arh7h-16-wqxga-gaming-laptop-amd-ryzen-7-6800h-ram-16gb-ssd-512gb-rtx-3070-ti-82rg001lus/,1
Ayoub Computers,Lenovo,Legion Pro 5 16IRX8 82WK000BUS,Intel Core i7-13700HX,RTX 4060,16GB,1TB SSD,16",,New,https://ayoubcomputers.com/lenovo-legion-pro-5-16irx8-16-gaming-laptop-intel-core-i7-13th-gen-13700hx-ram-16gb-ssd-1tb-nvidia-geforce-rtx-4060-windows-11-home-82wk000bus/,1
Ayoub Computers,Lenovo,Legion Pro 7 16IRX8H 82WQ002SUS,Intel Core i9-13900HX,RTX 4080,16GB,1TB SSD,16",,New,https://ayoubcomputers.com/lenovo-legion-pro-7-16irx8h-16-laptop-intel-core-i9-13900hx-ram-16gb-ssd-1tb-nvidia-rtx-4080-win-11-82wq002sus/,1
Ayoub Computers,Lenovo,Legion Pro 5 82WK000AUS,Intel Core i7-13700HX,RTX 4060,16GB,512GB SSD,16",,New,https://ayoubcomputers.com/lenovo-legion-pro-5-16-wqxga-laptop-intel-core-i7-13700hx-ram-16gb-ssd-512gb-rtx-4060-82wk000aus/,1
Ayoub Computers,Lenovo,Legion 5 Pro 16ITH6H 82JD0060US,Intel Core i7-11800H,RTX 3070,32GB,2TB SSD,16",,New,https://ayoubcomputers.com/lenovo-legion-5-pro-16ith6h-16-wqxga-laptop-intel-core-i7-11800h-ram-32gb-ssd-2tb-nvidia-geforce-rtx-3070-82jd0060us/,1
Ayoub Computers,Lenovo,Legion Pro 5 16IRX8 82WK00AHUS,Intel Core i9-13900HX,RTX 4070,32GB,1TB SSD,16",,New,https://ayoubcomputers.com/lenovo-legion-pro-5-16irx8-16-wqxga-laptop-intel-core-i9-13900hx-ram-32gb-ssd-1tb-rtx-4070-82wk00ahus/,1
Ayoub Computers,Lenovo,Legion 5 Pro 16ACH6H 82JQ00FBUS,AMD Ryzen 7 5800H,RTX 3070,16GB,1TB SSD,16",,New,https://ayoubcomputers.com/lenovo-legion-5-pro-16ach6h-16-wqxga-laptop-amd-ryzen-7-5800h-ram-16gb-ssd-1tb-nvidia-geforce-rtx-3070-82jq00fbus/,1
PCandParts,HP,EliteBook 8 G1i (Ultra 5),Intel Ultra 5,Integrated,16GB,512GB SSD,14",909,New,https://pcandparts.com/product/hp-elitebook-8-g1i-ultra-5-16gb-512gb-ssd-14-tax-included/,1
PCandParts,HP,EliteBook 8 G1i (Ultra 7),Intel Ultra 7,Integrated,16GB,512GB SSD,14",,New,https://pcandparts.com/product/hp-elitebook-8-g1i-ultra-7-16gb-512gb-ssd-14-tax-included/,1
PCandParts,HP,Omen League of Legends Edition,Intel Core i7,RTX 5060,32GB,1TB SSD,16",,New,https://pcandparts.com/product/hp-laptop-omen-league-of-legends-limited-edition-i7-32gb-1tb-ssd-rtx-5060-win11-tax-included/,1
PCandParts,HP,Omen Max 16t-ah000 (Ultra 7),Intel Ultra 7,RTX 5070 Ti,16GB,512GB SSD,16",,New,https://pcandparts.com/product/hp-omen-max-16t-ah000-ultra-7-16gb-512gb-ssd-rtx-5070ti-16-win11-tax-included/,1
PCandParts,HP,Omen 16-an0075cl,Intel Ultra 9,RTX 5070,32GB,1TB SSD,16",,New,https://pcandparts.com/product/hp-laptop-gaming-omen-16-an0075cl-ultra-9-32gb-1tb-ssd-rtx-5070-16-win11-tax-included/,1
PCandParts,HP,Pavilion 15-eg3045cl,Intel Core i7,GeForce MX550,16GB,512GB SSD,15.6" touch,,New,https://pcandparts.com/product/hp-laptop-pavilion-15-eg3045cl-i7-16gb-ram-512gb-ssd-15-6-touch-mx550-win11-tax-included/,1
PCandParts,HP,ProBook 4 G1i (24GB),Intel Ultra 7,Integrated,24GB,1TB SSD,16",,New,https://pcandparts.com/product/hp-probook-4-g1i-ultra-7-24gb-1tb-ssd-16/,1
